,mp,mp,fg,fga,fg%,3p,3pa,3p%,ft,fta,ft%,orb,drb,trb,ast,stl,blk,tov,pf,pts,+/-,ts%,efg%,3par,ftr,orb%,drb%,trb%,ast%,stl%,blk%,tov%,usg%,ortg,drtg,mp_max,mp_max,fg_max,fga_max,fg%_max,3p_max,3pa_max,3p%_max,ft_max,fta_max,ft%_max,orb_max,drb_max,trb_max,ast_max,stl_max,blk_max,tov_max,pf_max,pts_max,+/-_max,ts%_max,efg%_max,3par_max,ftr_max,orb%_max,drb%_max,trb%_max,ast%_max,stl%_max,blk%_max,tov%_max,usg%_max,ortg_max,drtg_max,team,total,home,index_opp,mp_opp,mp_opp,fg_opp,fga_opp,fg%_opp,3p_opp,3pa_opp,3p%_opp,ft_opp,fta_opp,ft%_opp,orb_opp,drb_opp,trb_opp,ast_opp,stl_opp,blk_opp,tov_opp,pf_opp,pts_opp,+/-_opp,ts%_opp,efg%_opp,3par_opp,ftr_opp,orb%_opp,drb%_opp,trb%_opp,ast%_opp,stl%_opp,blk%_opp,tov%_opp,usg%_opp,ortg_opp,drtg_opp,mp_max_opp,mp_max_opp,fg_max_opp,fga_max_opp,fg%_max_opp,3p_max_opp,3pa_max_opp,3p%_max_opp,ft_max_opp,fta_max_opp,ft%_max_opp,orb_max_opp,drb_max_opp,trb_max_opp,ast_max_opp,stl_max_opp,blk_max_opp,tov_max_opp,pf_max_opp,pts_max_opp,+/-_max_opp,ts%_max_opp,efg%_max_opp,3par_max_opp,ftr_max_opp,orb%_max_opp,drb%_max_opp,trb%_max_opp,ast%_max_opp,stl%_max_opp,blk%_max_opp,tov%_max_opp,usg%_max_opp,ortg_max_opp,drtg_max_opp,team_opp,total_opp,home_opp,season,date,won
0,240.0,240.0,37.0,99.0,0.374,10.0,33.0,0.303,15.0,23.0,0.652,13.0,34.0,47.0,26.0,6.0,6.0,18.0,24.0,99.0,,0.454,0.424,0.333,0.232,22.8,72.3,45.2,70.3,5.4,10.5,14.2,100.0,89.6,113.1,,,7.0,21.0,1.0,2.0,10.0,1.0,4.0,8.0,1.0,4.0,6.0,8.0,10.0,2.0,2.0,4.0,4.0,20.0,9.0,1.333,1.333,0.667,2.0,20.3,50.1,29.7,61.1,3.7,12.7,50.0,32.1,267.0,120.0,GSW,99,0,1,240.0,240.0,42.0,92.0,0.457,15.0,35.0,0.429,26.0,32.0,0.813,13.0,44.0,57.0,24.0,11.0,7.0,20.0,22.0,125.0,,0.589,0.538,0.38,0.348,27.7,77.2,54.8,57.1,10.0,10.6,15.9,100.0,113.1,89.6,,,10.0,17.0,1.0,4.0,7.0,1.0,7.0,7.0,1.0,3.0,9.0,11.0,5.0,3.0,2.0,3.0,3.0,26.0,32.0,1.5,1.5,1.0,2.0,17.1,44.5,29.8,33.0,7.3,7.4,43.6,40.4,300.0,98.0,BRK,125,1,2021,2020-12-22,True
1,240.0,240.0,42.0,92.0,0.457,15.0,35.0,0.429,26.0,32.0,0.813,13.0,44.0,57.0,24.0,11.0,7.0,20.0,22.0,125.0,,0.589,0.538,0.38,0.348,27.7,77.2,54.8,57.1,10.0,10.6,15.9,100.0,113.1,89.6,,,10.0,17.0,1.0,4.0,7.0,1.0,7.0,7.0,1.0,3.0,9.0,11.0,5.0,3.0,2.0,3.0,3.0,26.0,32.0,1.5,1.5,1.0,2.0,17.1,44.5,29.8,33.0,7.3,7.4,43.6,40.4,300.0,98.0,BRK,125,1,0,240.0,240.0,37.0,99.0,0.374,10.0,33.0,0.303,15.0,23.0,0.652,13.0,34.0,47.0,26.0,6.0,6.0,18.0,24.0,99.0,,0.454,0.424,0.333,0.232,22.8,72.3,45.2,70.3,5.4,10.5,14.2,100.0,89.6,113.1,,,7.0,21.0,1.0,2.0,10.0,1.0,4.0,8.0,1.0,4.0,6.0,8.0,10.0,2.0,2.0,4.0,4.0,20.0,9.0,1.333,1.333,0.667,2.0,20.3,50.1,29.7,61.1,3.7,12.7,50.0,32.1,267.0,120.0,GSW,99,0,2021,2020-12-22,False
2,240.0,240.0,44.0,93.0,0.473,14.0,40.0,0.35,14.0,19.0,0.737,11.0,29.0,40.0,22.0,10.0,3.0,16.0,29.0,116.0,,0.572,0.548,0.43,0.204,22.9,78.4,47.1,50.0,9.7,5.8,13.6,100.0,112.1,105.3,,,13.0,26.0,0.8,5.0,8.0,0.667,5.0,5.0,1.0,4.0,6.0,6.0,6.0,2.0,1.0,5.0,5.0,33.0,17.0,0.874,0.861,0.8,0.8,18.1,38.7,16.9,24.2,4.7,4.5,20.9,40.2,154.0,114.0,LAC,116,0,1,240.0,240.0,38.0,81.0,0.469,9.0,29.0,0.31,24.0,31.0,0.774,8.0,37.0,45.0,22.0,4.0,2.0,19.0,20.0,109.0,,0.576,0.525,0.358,0.383,21.6,77.1,52.9,57.9,3.9,3.8,16.7,100.0,105.3,112.1,,,8.0,17.0,1.0,3.0,8.0,0.5,5.0,7.0,1.0,4.0,11.0,12.0,8.0,2.0,1.0,4.0,5.0,22.0,14.0,1.042,1.0,1.0,1.0,16.1,39.6,24.4,47.0,4.3,3.9,100.0,35.9,166.0,118.0,LAL,109,1,2021,2020-12-22,True
3,240.0,240.0,38.0,81.0,0.469,9.0,29.0,0.31,24.0,31.0,0.774,8.0,37.0,45.0,22.0,4.0,2.0,19.0,20.0,109.0,,0.576,0.525,0.358,0.383,21.6,77.1,52.9,57.9,3.9,3.8,16.7,100.0,105.3,112.1,,,8.0,17.0,1.0,3.0,8.0,0.5,5.0,7.0,1.0,4.0,11.0,12.0,8.0,2.0,1.0,4.0,5.0,22.0,14.0,1.042,1.0,1.0,1.0,16.1,39.6,24.4,47.0,4.3,3.9,100.0,35.9,166.0,118.0,LAL,109,1,0,240.0,240.0,44.0,93.0,0.473,14.0,40.0,0.35,14.0,19.0,0.737,11.0,29.0,40.0,22.0,10.0,3.0,16.0,29.0,116.0,,0.572,0.548,0.43,0.204,22.9,78.4,47.1,50.0,9.7,5.8,13.6,100.0,112.1,105.3,,,13.0,26.0,0.8,5.0,8.0,0.667,5.0,5.0,1.0,4.0,6.0,6.0,6.0,2.0,1.0,5.0,5.0,33.0,17.0,0.874,0.861,0.8,0.8,18.1,38.7,16.9,24.2,4.7,4.5,20.9,40.2,154.0,114.0,LAC,116,0,2021,2020-12-22,False
4,240.0,240.0,45.0,90.0,0.5,16.0,44.0,0.364,8.0,15.0,0.533,8.0,24.0,32.0,29.0,10.0,4.0,15.0,17.0,114.0,,0.59,0.589,0.489,0.167,16.7,70.6,39.0,64.4,9.8,7.0,13.4,100.0,112.3,119.2,,,15.0,23.0,1.0,10.0,16.0,0.625,2.0,5.0,1.0,2.0,5.0,6.0,10.0,3.0,1.0,3.0,5.0,42.0,6.0,0.848,1.0,0.696,1.0,18.0,32.0,15.9,32.5,8.5,4.4,37.5,31.8,178.0,128.0,CHO,114,0,1,240.0,240.0,46.0,87.0,0.529,14.0,30.0,0.467,15.0,20.0,0.75,10.0,40.0,50.0,34.0,12.0,3.0,18.0,22.0,121.0,,0.632,0.609,0.345,0.23,29.4,83.3,61.0,73.9,11.8,6.5,15.8,100.0,119.2,112.3,,,9.0,18.0,0.857,4.0,8.0,1.0,6.0,9.0,1.0,5.0,11.0,14.0,8.0,3.0,2.0,5.0,4.0,27.0,14.0,0.935,0.9,1.0,0.563,21.0,40.4,30.1,29.4,10.0,6.2,33.3,100.0,150.0,122.0,CLE,121,1,2021,2020-12-23,False
5,240.0,240.0,46.0,87.0,0.529,14.0,30.0,0.467,15.0,20.0,0.75,10.0,40.0,50.0,34.0,12.0,3.0,18.0,22.0,121.0,,0.632,0.609,0.345,0.23,29.4,83.3,61.0,73.9,11.8,6.5,15.8,100.0,119.2,112.3,,,9.0,18.0,0.857,4.0,8.0,1.0,6.0,9.0,1.0,5.0,11.0,14.0,8.0,3.0,2.0,5.0,4.0,27.0,14.0,0.935,0.9,1.0,0.563,21.0,40.4,30.1,29.4,10.0,6.2,33.3,100.0,150.0,122.0,CLE,121,1,0,240.0,240.0,45.0,90.0,0.5,16.0,44.0,0.364,8.0,15.0,0.533,8.0,24.0,32.0,29.0,10.0,4.0,15.0,17.0,114.0,,0.59,0.589,0.489,0.167,16.7,70.6,39.0,64.4,9.8,7.0,13.4,100.0,112.3,119.2,,,15.0,23.0,1.0,10.0,16.0,0.625,2.0,5.0,1.0,2.0,5.0,6.0,10.0,3.0,1.0,3.0,5.0,42.0,6.0,0.848,1.0,0.696,1.0,18.0,32.0,15.9,32.5,8.5,4.4,37.5,31.8,178.0,128.0,CHO,114,0,2021,2020-12-23,True
6,240.0,240.0,39.0,85.0,0.459,12.0,28.0,0.429,17.0,23.0,0.739,5.0,35.0,40.0,25.0,8.0,8.0,16.0,27.0,107.0,,0.562,0.529,0.329,0.271,11.1,77.8,44.4,64.1,7.6,13.3,14.4,100.0,101.0,114.2,,,11.0,15.0,0.733,3.0,8.0,1.0,8.0,9.0,1.0,2.0,8.0,9.0,9.0,2.0,3.0,5.0,5.0,26.0,5.0,0.819,0.833,0.8,1.0,11.4,24.8,17.1,41.3,9.5,11.3,50.0,26.5,150.0,123.0,NYK,107,0,1,240.0,240.0,46.0,94.0,0.489,8.0,34.0,0.235,21.0,29.0,0.724,10.0,40.0,50.0,28.0,6.0,9.0,13.0,24.0,121.0,,0.567,0.532,0.362,0.309,22.2,88.9,55.6,60.9,5.7,15.8,10.9,100.0,114.2,101.0,,,11.0,18.0,0.667,2.0,6.0,0.5,8.0,12.0,1.0,4.0,9.0,13.0,8.0,2.0,8.0,4.0,5.0,32.0,20.0,0.718,0.714,0.833,0.667,11.6,26.1,18.8,31.5,2.6,23.4,20.5,29.7,137.0,108.0,IND,121,1,2021,2020-12-23,False
7,240.0,240.0,46.0,94.0,0.489,8.0,34.0,0.235,21.0,29.0,0.724,10.0,40.0,50.0,28.0,6.0,9.0,13.0,24.0,121.0,,0.567,0.532,0.362,0.309,22.2,88.9,55.6,60.9,5.7,15.8,10.9,100.0,114.2,101.0,,,11.0,18.0,0.667,2.0,6.0,0.5,8.0,12.0,1.0,4.0,9.0,13.0,8.0,2.0,8.0,4.0,5.0,32.0,20.0,0.718,0.714,0.833,0.667,11.6,26.1,18.8,31.5,2.6,23.4,20.5,29.7,137.0,108.0,IND,121,1,0,240.0,240.0,39.0,85.0,0.459,12.0,28.0,0.429,17.0,23.0,0.739,5.0,35.0,40.0,25.0,8.0,8.0,16.0,27.0,107.0,,0.562,0.529,0.329,0.271,11.1,77.8,44.4,64.1,7.6,13.3,14.4,100.0,101.0,114.2,,,11.0,15.0,0.733,3.0,8.0,1.0,8.0,9.0,1.0,2.0,8.0,9.0,9.0,2.0,3.0,5.0,5.0,26.0,5.0,0.819,0.833,0.8,1.0,11.4,24.8,17.1,41.3,9.5,11.3,50.0,26.5,150.0,123.0,NYK,107,0,2021,2020-12-23,True
8,240.0,240.0,42.0,83.0,0.506,7.0,20.0,0.35,16.0,19.0,0.842,7.0,36.0,43.0,25.0,11.0,2.0,22.0,21.0,107.0,,0.586,0.548,0.241,0.229,18.9,76.6,51.2,59.5,10.5,3.3,19.4,100.0,102.0,107.7,,,11.0,16.0,0.75,3.0,6.0,0.5,5.0,5.0,1.0,3.0,8.0,11.0,7.0,7.0,1.0,7.0,4.0,25.0,7.0,0.751,0.75,0.75,1.0,15.4,25.4,18.1,47.6,9.0,4.8,60.0,30.2,142.0,115.0,MIA,107,0,1,240.0,240.0,42.0,88.0,0.477,10.0,28.0,0.357,19.0,30.0,0.633,11.0,30.0,41.0,23.0,15.0,3.0,17.0,19.0,113.0,,0.558,0.534,0.318,0.341,23.4,81.1,48.8,54.8,14.3,4.8,14.4,100.0,107.7,102.0,,,9.0,15.0,0.727,3.0,6.0,0.6,4.0,8.0,1.0,3.0,9.0,11.0,6.0,4.0,1.0,4.0,4.0,25.0,17.0,0.822,0.808,0.429,0.667,17.3,34.8,18.7,43.5,7.0,4.3,37.5,28.6,147.0,109.0,ORL,113,1,2021,2020-12-23,False
9,240.0,240.0,42.0,88.0,0.477,10.0,28.0,0.357,19.0,30.0,0.633,11.0,30.0,41.0,23.0,15.0,3.0,17.0,19.0,113.0,,0.558,0.534,0.318,0.341,23.4,81.1,48.8,54.8,14.3,4.8,14.4,100.0,107.7,102.0,,,9.0,15.0,0.727,3.0,6.0,0.6,4.0,8.0,1.0,3.0,9.0,11.0,6.0,4.0,1.0,4.0,4.0,25.0,17.0,0.822,0.808,0.429,0.667,17.3,34.8,18.7,43.5,7.0,4.3,37.5,28.6,147.0,109.0,ORL,113,1,0,240.0,240.0,42.0,83.0,0.506,7.0,20.0,0.35,16.0,19.0,0.842,7.0,36.0,43.0,25.0,11.0,2.0,22.0,21.0,107.0,,0.586,0.548,0.241,0.229,18.9,76.6,51.2,59.5,10.5,3.3,19.4,100.0,102.0,107.7,,,11.0,16.0,0.75,3.0,6.0,0.5,5.0,5.0,1.0,3.0,8.0,11.0,7.0,7.0,1.0,7.0,4.0,25.0,7.0,0.751,0.75,0.75,1.0,15.4,25.4,18.1,47.6,9.0,4.8,60.0,30.2,142.0,115.0,MIA,107,0,2021,2020-12-23,True
10,240.0,240.0,39.0,85.0,0.459,13.0,27.0,0.481,16.0,23.0,0.696,5.0,35.0,40.0,28.0,7.0,4.0,19.0,26.0,107.0,,0.562,0.535,0.318,0.271,11.9,77.8,46.0,71.8,6.6,6.8,16.6,100.0,101.2,106.9,,,11.0,22.0,1.0,4.0,8.0,1.0,6.0,7.0,1.0,2.0,9.0,11.0,15.0,4.0,1.0,6.0,5.0,31.0,14.0,1.215,1.5,1.0,3.0,6.9,36.1,18.6,73.2,5.4,4.9,40.0,36.6,207.0,115.0,WAS,107,0,1,240.0,240.0,41.0,87.0,0.471,8.0,28.0,0.286,23.0,30.0,0.767,10.0,37.0,47.0,22.0,11.0,8.0,16.0,25.0,113.0,,0.564,0.517,0.322,0.345,22.2,88.1,54.0,53.7,10.4,13.8,13.8,100.0,106.9,101.2,,,10.0,17.0,1.0,3.0,6.0,1.0,8.0,9.0,1.0,4.0,12.0,14.0,7.0,3.0,3.0,4.0,4.0,29.0,33.0,1.0,1.0,1.0,0.636,24.3,60.8,41.9,33.8,5.0,8.2,50.0,28.4,145.0,108.0,PHI,113,1,2021,2020-12-23,False
11,240.0,240.0,41.0,87.0,0.471,8.0,28.0,0.286,23.0,30.0,0.767,10.0,37.0,47.0,22.0,11.0,8.0,16.0,25.0,113.0,,0.564,0.517,0.322,0.345,22.2,88.1,54.0,53.7,10.4,13.8,13.8,100.0,106.9,101.2,,,10.0,17.0,1.0,3.0,6.0,1.0,8.0,9.0,1.0,4.0,12.0,14.0,7.0,3.0,3.0,4.0,4.0,29.0,33.0,1.0,1.0,1.0,0.636,24.3,60.8,41.9,33.8,5.0,8.2,50.0,28.4,145.0,108.0,PHI,113,1,0,240.0,240.0,39.0,85.0,0.459,13.0,27.0,0.481,16.0,23.0,0.696,5.0,35.0,40.0,28.0,7.0,4.0,19.0,26.0,107.0,,0.562,0.535,0.318,0.271,11.9,77.8,46.0,71.8,6.6,6.8,16.6,100.0,101.2,106.9,,,11.0,22.0,1.0,4.0,8.0,1.0,6.0,7.0,1.0,2.0,9.0,11.0,15.0,4.0,1.0,6.0,5.0,31.0,14.0,1.215,1.5,1.0,3.0,6.9,36.1,18.6,73.2,5.4,4.9,40.0,36.6,207.0,115.0,WAS,107,0,2021,2020-12-23,True
12,240.0,240.0,42.0,80.0,0.525,19.0,42.0,0.452,10.0,20.0,0.5,8.0,37.0,45.0,30.0,13.0,7.0,24.0,17.0,113.0,,0.636,0.644,0.525,0.25,22.2,84.1,56.3,71.4,12.5,16.3,21.3,100.0,108.6,95.2,,,10.0,19.0,0.778,6.0,11.0,0.545,4.0,6.0,1.0,4.0,9.0,10.0,11.0,4.0,2.0,6.0,4.0,24.0,17.0,0.796,0.786,1.0,0.667,18.0,28.1,20.3,48.5,6.0,7.8,100.0,32.9,160.0,106.0,NOP,113,0,1,240.0,240.0,38.0,89.0,0.427,14.0,46.0,0.304,9.0,12.0,0.75,7.0,28.0,35.0,26.0,10.0,5.0,20.0,22.0,99.0,,0.525,0.506,0.517,0.135,15.9,77.8,43.8,68.4,9.6,13.2,17.5,100.0,95.2,108.6,,,8.0,17.0,0.75,4.0,9.0,0.6,7.0,8.0,0.875,2.0,8.0,9.0,10.0,3.0,2.0,6.0,4.0,20.0,4.0,0.75,0.75,1.0,0.727,14.8,38.0,20.3,42.5,4.7,23.0,100.0,33.2,157.0,118.0,TOR,99,1,2021,2020-12-23,False
13,240.0,240.0,38.0,89.0,0.427,14.0,46.0,0.304,9.0,12.0,0.75,7.0,28.0,35.0,26.0,10.0,5.0,20.0,22.0,99.0,,0.525,0.506,0.517,0.135,15.9,77.8,43.8,68.4,9.6,13.2,17.5,100.0,95.2,108.6,,,8.0,17.0,0.75,4.0,9.0,0.6,7.0,8.0,0.875,2.0,8.0,9.0,10.0,3.0,2.0,6.0,4.0,20.0,4.0,0.75,0.75,1.0,0.727,14.8,38.0,20.3,42.5,4.7,23.0,100.0,33.2,157.0,118.0,TOR,99,1,0,240.0,240.0,42.0,80.0,0.525,19.0,42.0,0.452,10.0,20.0,0.5,8.0,37.0,45.0,30.0,13.0,7.0,24.0,17.0,113.0,,0.636,0.644,0.525,0.25,22.2,84.1,56.3,71.4,12.5,16.3,21.3,100.0,108.6,95.2,,,10.0,19.0,0.778,6.0,11.0,0.545,4.0,6.0,1.0,4.0,9.0,10.0,11.0,4.0,2.0,6.0,4.0,24.0,17.0,0.796,0.786,1.0,0.667,18.0,28.1,20.3,48.5,6.0,7.8,100.0,32.9,160.0,106.0,NOP,113,0,2021,2020-12-23,True
14,240.0,240.0,46.0,90.0,0.511,14.0,35.0,0.4,15.0,18.0,0.833,11.0,41.0,52.0,19.0,4.0,6.0,16.0,20.0,121.0,,0.618,0.589,0.389,0.2,28.9,80.4,58.4,41.3,4.0,9.8,14.0,100.0,121.1,122.1,,,13.0,26.0,0.75,3.0,8.0,0.75,6.0,8.0,1.0,2.0,12.0,14.0,8.0,2.0,2.0,7.0,5.0,35.0,22.0,1.0,1.0,1.0,0.667,9.3,36.5,20.9,30.8,3.5,6.1,33.3,42.3,187.0,130.0,MIL,121,0,1,240.0,240.0,48.0,101.0,0.475,18.0,40.0,0.45,8.0,11.0,0.727,10.0,27.0,37.0,23.0,8.0,6.0,6.0,17.0,122.0,,0.576,0.564,0.396,0.109,19.6,71.1,41.6,47.9,8.0,10.9,5.4,100.0,122.1,121.1,,,13.0,28.0,1.0,6.0,13.0,1.0,4.0,4.0,1.0,4.0,7.0,8.0,7.0,2.0,2.0,2.0,3.0,33.0,20.0,1.025,1.25,0.8,1.333,22.6,26.9,19.3,22.2,3.8,7.0,33.3,39.2,203.0,126.0,BOS,122,1,2021,2020-12-23,False
15,240.0,240.0,48.0,101.0,0.475,18.0,40.0,0.45,8.0,11.0,0.727,10.0,27.0,37.0,23.0,8.0,6.0,6.0,17.0,122.0,,0.576,0.564,0.396,0.109,19.6,71.1,41.6,47.9,8.0,10.9,5.4,100.0,122.1,121.1,,,13.0,28.0,1.0,6.0,13.0,1.0,4.0,4.0,1.0,4.0,7.0,8.0,7.0,2.0,2.0,2.0,3.0,33.0,20.0,1.025,1.25,0.8,1.333,22.6,26.9,19.3,22.2,3.8,7.0,33.3,39.2,203.0,126.0,BOS,122,1,0,240.0,240.0,46.0,90.0,0.511,14.0,35.0,0.4,15.0,18.0,0.833,11.0,41.0,52.0,19.0,4.0,6.0,16.0,20.0,121.0,,0.618,0.589,0.389,0.2,28.9,80.4,58.4,41.3,4.0,9.8,14.0,100.0,121.1,122.1,,,13.0,26.0,0.75,3.0,8.0,0.75,6.0,8.0,1.0,2.0,12.0,14.0,8.0,2.0,2.0,7.0,5.0,35.0,22.0,1.0,1.0,1.0,0.667,9.3,36.5,20.9,30.8,3.5,6.1,33.3,42.3,187.0,130.0,MIL,121,0,2021,2020-12-23,True
16,240.0,240.0,43.0,80.0,0.538,14.0,35.0,0.4,24.0,29.0,0.828,8.0,38.0,46.0,24.0,6.0,3.0,21.0,29.0,124.0,,0.668,0.625,0.438,0.363,21.6,82.6,55.4,55.8,5.8,5.8,18.5,100.0,119.4,100.1,,,10.0,12.0,0.833,5.0,8.0,1.0,12.0,14.0,1.0,3.0,7.0,7.0,7.0,2.0,2.0,4.0,4.0,37.0,40.0,1.019,1.042,1.0,1.167,51.2,29.3,34.2,52.8,5.1,10.2,50.0,36.0,171.0,108.0,ATL,124,0,1,240.0,240.0,36.0,87.0,0.414,8.0,35.0,0.229,24.0,28.0,0.857,8.0,29.0,37.0,20.0,10.0,3.0,15.0,22.0,104.0,,0.524,0.46,0.402,0.322,17.4,78.4,44.6,55.6,9.6,6.7,13.1,100.0,100.1,119.4,,,9.0,19.0,0.667,4.0,8.0,0.667,5.0,6.0,1.0,3.0,6.0,7.0,7.0,2.0,1.0,5.0,5.0,22.0,6.0,0.938,0.889,0.667,1.0,13.4,27.9,15.6,33.6,4.0,6.4,33.8,42.0,159.0,123.0,CHI,104,1,2021,2020-12-23,True
17,240.0,240.0,36.0,87.0,0.414,8.0,35.0,0.229,24.0,28.0,0.857,8.0,29.0,37.0,20.0,10.0,3.0,15.0,22.0,104.0,,0.524,0.46,0.402,0.322,17.4,78.4,44.6,55.6,9.6,6.7,13.1,100.0,100.1,119.4,,,9.0,19.0,0.667,4.0,8.0,0.667,5.0,6.0,1.0,3.0,6.0,7.0,7.0,2.0,1.0,5.0,5.0,22.0,6.0,0.938,0.889,0.667,1.0,13.4,27.9,15.6,33.6,4.0,6.4,33.8,42.0,159.0,123.0,CHI,104,1,0,240.0,240.0,43.0,80.0,0.538,14.0,35.0,0.4,24.0,29.0,0.828,8.0,38.0,46.0,24.0,6.0,3.0,21.0,29.0,124.0,,0.668,0.625,0.438,0.363,21.6,82.6,55.4,55.8,5.8,5.8,18.5,100.0,119.4,100.1,,,10.0,12.0,0.833,5.0,8.0,1.0,12.0,14.0,1.0,3.0,7.0,7.0,7.0,2.0,2.0,4.0,4.0,37.0,40.0,1.019,1.042,1.0,1.167,51.2,29.3,34.2,52.8,5.1,10.2,50.0,36.0,171.0,108.0,ATL,124,0,2021,2020-12-23,False
18,240.0,240.0,48.0,95.0,0.505,10.0,25.0,0.4,25.0,29.0,0.862,8.0,40.0,48.0,28.0,8.0,8.0,10.0,18.0,131.0,,0.608,0.558,0.263,0.305,17.8,88.9,53.3,58.3,7.4,11.8,8.5,100.0,121.6,110.5,,,9.0,17.0,0.667,3.0,5.0,0.75,14.0,15.0,1.0,4.0,7.0,9.0,9.0,3.0,3.0,3.0,4.0,28.0,14.0,0.847,0.833,0.556,1.071,22.2,35.4,19.4,41.6,4.2,10.0,15.9,27.5,151.0,116.0,SAS,131,0,1,240.0,240.0,49.0,95.0,0.516,10.0,27.0,0.37,11.0,18.0,0.611,5.0,37.0,42.0,27.0,6.0,8.0,11.0,20.0,119.0,,0.578,0.568,0.284,0.189,11.1,82.2,46.7,55.1,5.6,11.4,9.7,100.0,110.5,121.6,,,18.0,27.0,0.667,2.0,6.0,1.0,7.0,8.0,1.0,3.0,10.0,13.0,9.0,2.0,2.0,2.0,6.0,44.0,10.0,0.833,0.833,0.857,0.545,10.8,37.0,23.5,50.3,3.8,11.7,25.4,37.8,145.0,128.0,MEM,119,1,2021,2020-12-23,True
19,240.0,240.0,49.0,95.0,0.516,10.0,27.0,0.37,11.0,18.0,0.611,5.0,37.0,42.0,27.0,6.0,8.0,11.0,20.0,119.0,,0.578,0.568,0.284,0.189,11.1,82.2,46.7,55.1,5.6,11.4,9.7,100.0,110.5,121.6,,,18.0,27.0,0.667,2.0,6.0,1.0,7.0,8.0,1.0,3.0,10.0,13.0,9.0,2.0,2.0,2.0,6.0,44.0,10.0,0.833,0.833,0.857,0.545,10.8,37.0,23.5,50.3,3.8,11.7,25.4,37.8,145.0,128.0,MEM,119,1,0,240.0,240.0,48.0,95.0,0.505,10.0,25.0,0.4,25.0,29.0,0.862,8.0,40.0,48.0,28.0,8.0,8.0,10.0,18.0,131.0,,0.608,0.558,0.263,0.305,17.8,88.9,53.3,58.3,7.4,11.8,8.5,100.0,121.6,110.5,,,9.0,17.0,0.667,3.0,5.0,0.75,14.0,15.0,1.0,4.0,7.0,9.0,9.0,3.0,3.0,3.0,4.0,28.0,14.0,0.847,0.833,0.556,1.071,22.2,35.4,19.4,41.6,4.2,10.0,15.9,27.5,151.0,116.0,SAS,131,0,2021,2020-12-23,False
20,240.0,240.0,45.0,93.0,0.484,8.0,35.0,0.229,3.0,8.0,0.375,7.0,37.0,44.0,29.0,5.0,2.0,12.0,20.0,101.0,,0.523,0.527,0.376,0.086,16.3,75.5,47.8,64.4,5.1,4.3,11.1,100.0,102.6,112.7,,,8.0,14.0,0.875,3.0,8.0,0.5,3.0,5.0,0.6,4.0,7.0,9.0,6.0,2.0,1.0,4.0,5.0,19.0,5.0,0.875,0.875,1.0,0.385,29.2,50.8,34.8,33.1,3.6,3.8,40.0,27.7,183.0,119.0,DET,101,0,1,240.0,240.0,38.0,88.0,0.432,11.0,41.0,0.268,24.0,28.0,0.857,12.0,36.0,48.0,25.0,6.0,5.0,11.0,16.0,111.0,,0.553,0.494,0.466,0.318,24.5,83.7,52.2,65.8,6.1,8.6,9.9,100.0,112.7,102.6,,,10.0,18.0,0.6,4.0,11.0,0.5,8.0,8.0,1.0,3.0,8.0,11.0,7.0,2.0,3.0,4.0,4.0,23.0,17.0,0.814,0.7,0.8,1.2,11.2,43.3,25.3,38.7,4.1,14.1,22.8,30.8,145.0,109.0,MIN,111,1,2021,2020-12-23,False
21,240.0,240.0,38.0,88.0,0.432,11.0,41.0,0.268,24.0,28.0,0.857,12.0,36.0,48.0,25.0,6.0,5.0,11.0,16.0,111.0,,0.553,0.494,0.466,0.318,24.5,83.7,52.2,65.8,6.1,8.6,9.9,100.0,112.7,102.6,,,10.0,18.0,0.6,4.0,11.0,0.5,8.0,8.0,1.0,3.0,8.0,11.0,7.0,2.0,3.0,4.0,4.0,23.0,17.0,0.814,0.7,0.8,1.2,11.2,43.3,25.3,38.7,4.1,14.1,22.8,30.8,145.0,109.0,MIN,111,1,0,240.0,240.0,45.0,93.0,0.484,8.0,35.0,0.229,3.0,8.0,0.375,7.0,37.0,44.0,29.0,5.0,2.0,12.0,20.0,101.0,,0.523,0.527,0.376,0.086,16.3,75.5,47.8,64.4,5.1,4.3,11.1,100.0,102.6,112.7,,,8.0,14.0,0.875,3.0,8.0,0.5,3.0,5.0,0.6,4.0,7.0,9.0,6.0,2.0,1.0,4.0,5.0,19.0,5.0,0.875,0.875,1.0,0.385,29.2,50.8,34.8,33.1,3.6,3.8,40.0,27.7,183.0,119.0,DET,101,0,2021,2020-12-23,True
22,265.0,265.0,45.0,102.0,0.441,10.0,31.0,0.323,24.0,31.0,0.774,18.0,36.0,54.0,27.0,5.0,7.0,14.0,29.0,124.0,,0.536,0.49,0.304,0.304,33.3,78.3,54.0,60.0,4.6,10.1,10.8,100.0,113.3,111.5,,,8.0,20.0,0.6,5.0,11.0,0.5,5.0,7.0,1.0,6.0,8.0,10.0,7.0,2.0,2.0,3.0,6.0,22.0,8.0,0.689,0.7,0.733,0.571,25.6,45.9,27.2,28.1,2.3,5.2,22.5,28.0,165.0,117.0,SAC,12,0,1,265.0,265.0,47.0,98.0,0.48,8.0,29.0,0.276,20.0,24.0,0.833,10.0,36.0,46.0,28.0,6.0,11.0,15.0,25.0,122.0,,0.562,0.52,0.296,0.245,21.7,66.7,46.0,59.6,5.5,15.5,12.1,100.0,111.5,113.3,,,11.0,18.0,1.0,3.0,7.0,1.0,7.0,9.0,1.0,3.0,12.0,15.0,14.0,2.0,3.0,6.0,6.0,29.0,5.0,1.5,1.5,1.0,0.778,25.9,28.2,19.0,53.6,3.3,16.8,25.0,38.6,300.0,121.0,DEN,10,1,2021,2020-12-23,True
23,265.0,265.0,47.0,98.0,0.48,8.0,29.0,0.276,20.0,24.0,0.833,10.0,36.0,46.0,28.0,6.0,11.0,15.0,25.0,122.0,,0.562,0.52,0.296,0.245,21.7,66.7,46.0,59.6,5.5,15.5,12.1,100.0,111.5,113.3,,,11.0,18.0,1.0,3.0,7.0,1.0,7.0,9.0,1.0,3.0,12.0,15.0,14.0,2.0,3.0,6.0,6.0,29.0,5.0,1.5,1.5,1.0,0.778,25.9,28.2,19.0,53.6,3.3,16.8,25.0,38.6,300.0,121.0,DEN,10,1,0,265.0,265.0,45.0,102.0,0.441,10.0,31.0,0.323,24.0,31.0,0.774,18.0,36.0,54.0,27.0,5.0,7.0,14.0,29.0,124.0,,0.536,0.49,0.304,0.304,33.3,78.3,54.0,60.0,4.6,10.1,10.8,100.0,113.3,111.5,,,8.0,20.0,0.6,5.0,11.0,0.5,5.0,7.0,1.0,6.0,8.0,10.0,7.0,2.0,2.0,3.0,6.0,22.0,8.0,0.689,0.7,0.733,0.571,25.6,45.9,27.2,28.1,2.3,5.2,22.5,28.0,165.0,117.0,SAC,12,0,2021,2020-12-23,False
24,240.0,240.0,43.0,94.0,0.457,19.0,50.0,0.38,15.0,19.0,0.789,12.0,47.0,59.0,24.0,3.0,3.0,11.0,16.0,120.0,,0.586,0.559,0.532,0.202,26.1,88.7,59.6,55.8,3.1,5.1,9.7,100.0,122.1,101.8,,,8.0,16.0,1.0,4.0,11.0,1.0,4.0,6.0,1.0,4.0,13.0,17.0,7.0,1.0,1.0,3.0,3.0,20.0,22.0,1.0,1.0,1.0,4.0,29.1,41.8,29.3,40.8,1.8,3.7,17.2,37.1,214.0,108.0,UTA,120,0,1,240.0,240.0,37.0,92.0,0.402,12.0,33.0,0.364,14.0,17.0,0.824,6.0,34.0,40.0,23.0,6.0,3.0,6.0,18.0,100.0,,0.503,0.467,0.359,0.185,11.3,73.9,40.4,62.2,6.1,6.8,5.7,100.0,101.8,122.1,,,7.0,19.0,1.0,3.0,8.0,1.0,6.0,6.0,1.0,1.0,7.0,8.0,7.0,2.0,1.0,2.0,3.0,23.0,0.0,1.0,1.0,1.0,0.667,20.4,46.9,21.8,41.1,3.7,24.5,33.3,30.7,202.0,131.0,POR,100,1,2021,2020-12-23,True
25,240.0,240.0,37.0,92.0,0.402,12.0,33.0,0.364,14.0,17.0,0.824,6.0,34.0,40.0,23.0,6.0,3.0,6.0,18.0,100.0,,0.503,0.467,0.359,0.185,11.3,73.9,40.4,62.2,6.1,6.8,5.7,100.0,101.8,122.1,,,7.0,19.0,1.0,3.0,8.0,1.0,6.0,6.0,1.0,1.0,7.0,8.0,7.0,2.0,1.0,2.0,3.0,23.0,0.0,1.0,1.0,1.0,0.667,20.4,46.9,21.8,41.1,3.7,24.5,33.3,30.7,202.0,131.0,POR,100,1,0,240.0,240.0,43.0,94.0,0.457,19.0,50.0,0.38,15.0,19.0,0.789,12.0,47.0,59.0,24.0,3.0,3.0,11.0,16.0,120.0,,0.586,0.559,0.532,0.202,26.1,88.7,59.6,55.8,3.1,5.1,9.7,100.0,122.1,101.8,,,8.0,16.0,1.0,4.0,11.0,1.0,4.0,6.0,1.0,4.0,13.0,17.0,7.0,1.0,1.0,3.0,3.0,20.0,22.0,1.0,1.0,1.0,4.0,29.1,41.8,29.3,40.8,1.8,3.7,17.2,37.1,214.0,108.0,UTA,120,0,2021,2020-12-23,False
26,240.0,240.0,36.0,85.0,0.424,9.0,37.0,0.243,21.0,26.0,0.808,6.0,33.0,39.0,17.0,6.0,0.0,11.0,23.0,102.0,,0.529,0.476,0.435,0.306,12.5,84.6,44.8,47.2,6.0,0.0,10.2,100.0,101.5,105.5,,,11.0,26.0,1.0,3.0,8.0,1.0,10.0,12.0,1.0,2.0,7.0,8.0,5.0,2.0,0.0,3.0,4.0,32.0,14.0,1.0,1.0,0.875,0.6,5.7,40.8,18.3,46.3,3.5,0.0,100.0,40.1,206.0,111.0,DAL,102,0,1,240.0,240.0,38.0,79.0,0.481,11.0,30.0,0.367,19.0,27.0,0.704,6.0,42.0,48.0,21.0,7.0,7.0,18.0,26.0,106.0,,0.583,0.551,0.38,0.342,15.4,87.5,55.2,55.3,7.0,14.6,16.5,100.0,105.5,101.5,,,8.0,15.0,0.8,4.0,7.0,1.0,4.0,6.0,1.0,2.0,9.0,9.0,5.0,2.0,2.0,8.0,5.0,22.0,14.0,1.011,1.0,1.0,0.667,7.6,34.7,19.1,35.9,6.3,13.1,100.0,33.1,189.0,108.0,PHO,106,1,2021,2020-12-23,False
27,240.0,240.0,38.0,79.0,0.481,11.0,30.0,0.367,19.0,27.0,0.704,6.0,42.0,48.0,21.0,7.0,7.0,18.0,26.0,106.0,,0.583,0.551,0.38,0.342,15.4,87.5,55.2,55.3,7.0,14.6,16.5,100.0,105.5,101.5,,,8.0,15.0,0.8,4.0,7.0,1.0,4.0,6.0,1.0,2.0,9.0,9.0,5.0,2.0,2.0,8.0,5.0,22.0,14.0,1.011,1.0,1.0,0.667,7.6,34.7,19.1,35.9,6.3,13.1,100.0,33.1,189.0,108.0,PHO,106,1,0,240.0,240.0,36.0,85.0,0.424,9.0,37.0,0.243,21.0,26.0,0.808,6.0,33.0,39.0,17.0,6.0,0.0,11.0,23.0,102.0,,0.529,0.476,0.435,0.306,12.5,84.6,44.8,47.2,6.0,0.0,10.2,100.0,101.5,105.5,,,11.0,26.0,1.0,3.0,8.0,1.0,10.0,12.0,1.0,2.0,7.0,8.0,5.0,2.0,0.0,3.0,4.0,32.0,14.0,1.0,1.0,0.875,0.6,5.7,40.8,18.3,46.3,3.5,0.0,100.0,40.1,206.0,111.0,DAL,102,0,2021,2020-12-23,True
28,240.0,240.0,31.0,78.0,0.397,10.0,35.0,0.286,26.0,33.0,0.788,11.0,30.0,41.0,18.0,8.0,2.0,19.0,20.0,98.0,,0.53,0.462,0.449,0.423,26.2,88.2,53.9,58.1,8.3,5.3,17.0,100.0,101.3,114.7,,,11.0,20.0,1.0,4.0,8.0,0.5,10.0,15.0,1.0,4.0,10.0,14.0,6.0,2.0,1.0,5.0,6.0,32.0,5.0,1.0,1.0,1.0,1.0,35.2,36.9,23.1,47.6,3.1,3.9,50.0,33.3,129.0,121.0,NOP,98,0,1,240.0,240.0,38.0,75.0,0.507,16.0,37.0,0.432,19.0,23.0,0.826,4.0,31.0,35.0,29.0,11.0,2.0,17.0,25.0,111.0,,0.652,0.613,0.493,0.307,11.8,73.8,46.1,76.3,11.4,4.7,16.6,100.0,114.7,101.3,,,8.0,14.0,0.714,7.0,13.0,0.6,7.0,8.0,1.0,3.0,7.0,7.0,9.0,4.0,1.0,3.0,6.0,23.0,23.0,0.9,0.9,1.0,0.889,26.1,30.5,23.4,58.1,7.3,5.7,28.6,29.6,128.0,112.0,MIA,111,1,2021,2020-12-25,True
29,240.0,240.0,38.0,75.0,0.507,16.0,37.0,0.432,19.0,23.0,0.826,4.0,31.0,35.0,29.0,11.0,2.0,17.0,25.0,111.0,,0.652,0.613,0.493,0.307,11.8,73.8,46.1,76.3,11.4,4.7,16.6,100.0,114.7,101.3,,,8.0,14.0,0.714,7.0,13.0,0.6,7.0,8.0,1.0,3.0,7.0,7.0,9.0,4.0,1.0,3.0,6.0,23.0,23.0,0.9,0.9,1.0,0.889,26.1,30.5,23.4,58.1,7.3,5.7,28.6,29.6,128.0,112.0,MIA,111,1,0,240.0,240.0,31.0,78.0,0.397,10.0,35.0,0.286,26.0,33.0,0.788,11.0,30.0,41.0,18.0,8.0,2.0,19.0,20.0,98.0,,0.53,0.462,0.449,0.423,26.2,88.2,53.9,58.1,8.3,5.3,17.0,100.0,101.3,114.7,,,11.0,20.0,1.0,4.0,8.0,0.5,10.0,15.0,1.0,4.0,10.0,14.0,6.0,2.0,1.0,5.0,6.0,32.0,5.0,1.0,1.0,1.0,1.0,35.2,36.9,23.1,47.6,3.1,3.9,50.0,33.3,129.0,121.0,NOP,98,0,2021,2020-12-25,False
30,240.0,240.0,34.0,99.0,0.343,10.0,45.0,0.222,21.0,25.0,0.84,10.0,33.0,43.0,14.0,5.0,6.0,11.0,22.0,99.0,,0.45,0.394,0.455,0.253,16.9,75.0,41.7,41.2,4.7,11.1,9.1,100.0,92.1,128.4,,,6.0,18.0,0.571,3.0,10.0,0.75,5.0,6.0,1.0,3.0,5.0,8.0,6.0,1.0,3.0,2.0,4.0,19.0,-4.0,0.846,0.75,1.0,1.0,9.8,38.2,16.3,41.3,2.3,12.4,25.8,30.3,228.0,134.0,GSW,99,0,1,240.0,240.0,50.0,90.0,0.556,20.0,36.0,0.556,18.0,26.0,0.692,11.0,49.0,60.0,25.0,6.0,4.0,17.0,17.0,138.0,,0.68,0.667,0.4,0.289,25.0,83.1,58.3,50.0,5.6,7.4,14.4,100.0,128.4,92.1,,,10.0,15.0,1.0,6.0,8.0,1.0,7.0,15.0,1.0,4.0,11.0,13.0,6.0,2.0,1.0,3.0,2.0,31.0,27.0,1.125,1.125,0.75,1.071,28.6,34.6,22.7,67.4,5.9,6.4,50.0,34.3,192.0,102.0,MIL,138,1,2021,2020-12-25,True
31,240.0,240.0,50.0,90.0,0.556,20.0,36.0,0.556,18.0,26.0,0.692,11.0,49.0,60.0,25.0,6.0,4.0,17.0,17.0,138.0,,0.68,0.667,0.4,0.289,25.0,83.1,58.3,50.0,5.6,7.4,14.4,100.0,128.4,92.1,,,10.0,15.0,1.0,6.0,8.0,1.0,7.0,15.0,1.0,4.0,11.0,13.0,6.0,2.0,1.0,3.0,2.0,31.0,27.0,1.125,1.125,0.75,1.071,28.6,34.6,22.7,67.4,5.9,6.4,50.0,34.3,192.0,102.0,MIL,138,1,0,240.0,240.0,34.0,99.0,0.343,10.0,45.0,0.222,21.0,25.0,0.84,10.0,33.0,43.0,14.0,5.0,6.0,11.0,22.0,99.0,,0.45,0.394,0.455,0.253,16.9,75.0,41.7,41.2,4.7,11.1,9.1,100.0,92.1,128.4,,,6.0,18.0,0.571,3.0,10.0,0.75,5.0,6.0,1.0,3.0,5.0,8.0,6.0,1.0,3.0,2.0,4.0,19.0,-4.0,0.846,0.75,1.0,1.0,9.8,38.2,16.3,41.3,2.3,12.4,25.8,30.3,228.0,134.0,GSW,99,0,2021,2020-12-25,False
32,240.0,240.0,41.0,76.0,0.539,15.0,29.0,0.517,26.0,31.0,0.839,9.0,34.0,43.0,21.0,5.0,10.0,15.0,22.0,123.0,,0.686,0.638,0.382,0.408,25.0,63.0,47.8,51.2,5.3,14.1,14.3,100.0,129.2,99.8,,,13.0,21.0,1.0,7.0,10.0,1.0,8.0,9.0,1.0,5.0,6.0,11.0,8.0,2.0,4.0,7.0,4.0,37.0,31.0,1.5,1.5,1.0,2.0,31.1,35.6,27.4,51.5,3.5,12.6,46.7,37.1,300.0,112.0,BRK,123,0,1,240.0,240.0,37.0,98.0,0.378,8.0,27.0,0.296,13.0,19.0,0.684,20.0,27.0,47.0,23.0,6.0,5.0,15.0,27.0,95.0,,0.447,0.418,0.276,0.194,37.0,75.0,52.2,62.2,6.3,10.6,12.4,100.0,99.8,129.2,,,11.0,25.0,0.6,3.0,7.0,0.5,5.0,9.0,1.0,5.0,7.0,8.0,6.0,2.0,1.0,3.0,5.0,27.0,0.0,0.75,0.75,1.0,0.857,23.9,35.9,28.7,51.9,4.0,5.5,50.0,40.1,145.0,137.0,BOS,95,1,2021,2020-12-25,False
33,240.0,240.0,37.0,98.0,0.378,8.0,27.0,0.296,13.0,19.0,0.684,20.0,27.0,47.0,23.0,6.0,5.0,15.0,27.0,95.0,,0.447,0.418,0.276,0.194,37.0,75.0,52.2,62.2,6.3,10.6,12.4,100.0,99.8,129.2,,,11.0,25.0,0.6,3.0,7.0,0.5,5.0,9.0,1.0,5.0,7.0,8.0,6.0,2.0,1.0,3.0,5.0,27.0,0.0,0.75,0.75,1.0,0.857,23.9,35.9,28.7,51.9,4.0,5.5,50.0,40.1,145.0,137.0,BOS,95,1,0,240.0,240.0,41.0,76.0,0.539,15.0,29.0,0.517,26.0,31.0,0.839,9.0,34.0,43.0,21.0,5.0,10.0,15.0,22.0,123.0,,0.686,0.638,0.382,0.408,25.0,63.0,47.8,51.2,5.3,14.1,14.3,100.0,129.2,99.8,,,13.0,21.0,1.0,7.0,10.0,1.0,8.0,9.0,1.0,5.0,6.0,11.0,8.0,2.0,4.0,7.0,4.0,37.0,31.0,1.5,1.5,1.0,2.0,31.1,35.6,27.4,51.5,3.5,12.6,46.7,37.1,300.0,112.0,BRK,123,0,2021,2020-12-25,True
34,240.0,240.0,41.0,83.0,0.494,13.0,32.0,0.406,20.0,26.0,0.769,3.0,24.0,27.0,20.0,13.0,3.0,9.0,22.0,115.0,,0.609,0.572,0.386,0.313,7.7,58.5,33.8,48.8,13.1,5.8,8.7,100.0,116.3,139.5,,,9.0,19.0,1.0,4.0,7.0,1.0,7.0,8.0,1.0,1.0,4.0,5.0,7.0,3.0,1.0,3.0,5.0,27.0,1.0,1.0,1.125,1.0,3.0,6.2,23.7,15.2,100.0,6.9,6.6,37.5,34.7,207.0,150.0,DAL,115,0,1,240.0,240.0,51.0,91.0,0.56,19.0,39.0,0.487,17.0,24.0,0.708,17.0,36.0,53.0,33.0,9.0,4.0,16.0,23.0,138.0,,0.679,0.665,0.429,0.264,41.5,92.3,66.3,64.7,9.1,7.8,13.6,100.0,139.5,116.3,,,10.0,18.0,1.0,3.0,8.0,1.0,5.0,7.0,1.0,5.0,7.0,9.0,10.0,2.0,2.0,4.0,5.0,28.0,16.0,1.5,1.5,1.0,2.0,49.1,100.0,75.5,39.4,7.2,13.7,50.0,30.9,300.0,124.0,LAL,138,1,2021,2020-12-25,False
35,240.0,240.0,51.0,91.0,0.56,19.0,39.0,0.487,17.0,24.0,0.708,17.0,36.0,53.0,33.0,9.0,4.0,16.0,23.0,138.0,,0.679,0.665,0.429,0.264,41.5,92.3,66.3,64.7,9.1,7.8,13.6,100.0,139.5,116.3,,,10.0,18.0,1.0,3.0,8.0,1.0,5.0,7.0,1.0,5.0,7.0,9.0,10.0,2.0,2.0,4.0,5.0,28.0,16.0,1.5,1.5,1.0,2.0,49.1,100.0,75.5,39.4,7.2,13.7,50.0,30.9,300.0,124.0,LAL,138,1,0,240.0,240.0,41.0,83.0,0.494,13.0,32.0,0.406,20.0,26.0,0.769,3.0,24.0,27.0,20.0,13.0,3.0,9.0,22.0,115.0,,0.609,0.572,0.386,0.313,7.7,58.5,33.8,48.8,13.1,5.8,8.7,100.0,116.3,139.5,,,9.0,19.0,1.0,4.0,7.0,1.0,7.0,8.0,1.0,1.0,4.0,5.0,7.0,3.0,1.0,3.0,5.0,27.0,1.0,1.0,1.125,1.0,3.0,6.2,23.7,15.2,100.0,6.9,6.6,37.5,34.7,207.0,150.0,DAL,115,0,2021,2020-12-25,True
36,240.0,240.0,41.0,74.0,0.554,19.0,38.0,0.5,20.0,24.0,0.833,9.0,29.0,38.0,32.0,9.0,4.0,18.0,32.0,121.0,,0.715,0.682,0.514,0.324,29.0,74.4,54.3,78.0,9.7,8.9,17.6,100.0,130.3,116.3,,,8.0,14.0,1.0,5.0,9.0,1.0,8.0,11.0,1.0,4.0,6.0,10.0,9.0,4.0,1.0,6.0,5.0,23.0,14.0,1.33,1.5,1.0,5.5,27.0,37.1,20.7,39.1,6.8,5.6,34.7,26.7,200.0,126.0,LAC,121,0,1,240.0,240.0,37.0,81.0,0.457,11.0,36.0,0.306,23.0,31.0,0.742,10.0,22.0,32.0,25.0,7.0,1.0,13.0,20.0,108.0,,0.571,0.525,0.444,0.383,25.6,71.0,45.7,67.6,7.5,2.8,12.1,100.0,116.3,130.3,,,9.0,20.0,0.6,4.0,11.0,0.5,9.0,11.0,0.857,3.0,6.0,9.0,10.0,2.0,1.0,5.0,4.0,24.0,7.0,0.7,0.7,1.0,1.0,25.9,48.8,36.0,44.1,4.4,14.0,100.0,100.0,153.0,138.0,DEN,108,1,2021,2020-12-25,True
37,240.0,240.0,37.0,81.0,0.457,11.0,36.0,0.306,23.0,31.0,0.742,10.0,22.0,32.0,25.0,7.0,1.0,13.0,20.0,108.0,,0.571,0.525,0.444,0.383,25.6,71.0,45.7,67.6,7.5,2.8,12.1,100.0,116.3,130.3,,,9.0,20.0,0.6,4.0,11.0,0.5,9.0,11.0,0.857,3.0,6.0,9.0,10.0,2.0,1.0,5.0,4.0,24.0,7.0,0.7,0.7,1.0,1.0,25.9,48.8,36.0,44.1,4.4,14.0,100.0,100.0,153.0,138.0,DEN,108,1,0,240.0,240.0,41.0,74.0,0.554,19.0,38.0,0.5,20.0,24.0,0.833,9.0,29.0,38.0,32.0,9.0,4.0,18.0,32.0,121.0,,0.715,0.682,0.514,0.324,29.0,74.4,54.3,78.0,9.7,8.9,17.6,100.0,130.3,116.3,,,8.0,14.0,1.0,5.0,9.0,1.0,8.0,11.0,1.0,4.0,6.0,10.0,9.0,4.0,1.0,6.0,5.0,23.0,14.0,1.33,1.5,1.0,5.5,27.0,37.1,20.7,39.1,6.8,5.6,34.7,26.7,200.0,126.0,LAC,121,0,2021,2020-12-25,False
38,240.0,240.0,38.0,89.0,0.427,13.0,36.0,0.361,33.0,38.0,0.868,13.0,41.0,54.0,23.0,4.0,5.0,15.0,20.0,122.0,,0.577,0.5,0.404,0.427,26.0,82.0,54.0,60.5,3.8,10.0,12.4,100.0,116.8,107.3,,,10.0,24.0,0.8,4.0,9.0,1.0,15.0,17.0,1.0,3.0,10.0,11.0,9.0,1.0,2.0,3.0,5.0,36.0,15.0,0.972,1.0,0.9,1.0,11.2,44.7,27.9,50.0,1.7,7.0,66.7,38.0,159.0,116.0,ATL,122,0,1,240.0,240.0,37.0,93.0,0.398,13.0,43.0,0.302,25.0,29.0,0.862,9.0,37.0,46.0,20.0,5.0,6.0,10.0,27.0,112.0,,0.53,0.468,0.462,0.312,18.0,74.0,46.0,54.1,4.8,11.3,8.6,100.0,107.3,116.8,,,10.0,23.0,1.0,3.0,11.0,1.0,8.0,10.0,1.0,3.0,13.0,14.0,7.0,2.0,2.0,4.0,6.0,28.0,7.0,1.5,1.5,1.0,1.667,9.8,34.3,19.9,44.2,5.9,5.8,27.8,35.7,300.0,124.0,MEM,112,1,2021,2020-12-26,True
39,240.0,240.0,37.0,93.0,0.398,13.0,43.0,0.302,25.0,29.0,0.862,9.0,37.0,46.0,20.0,5.0,6.0,10.0,27.0,112.0,,0.53,0.468,0.462,0.312,18.0,74.0,46.0,54.1,4.8,11.3,8.6,100.0,107.3,116.8,,,10.0,23.0,1.0,3.0,11.0,1.0,8.0,10.0,1.0,3.0,13.0,14.0,7.0,2.0,2.0,4.0,6.0,28.0,7.0,1.5,1.5,1.0,1.667,9.8,34.3,19.9,44.2,5.9,5.8,27.8,35.7,300.0,124.0,MEM,112,1,0,240.0,240.0,38.0,89.0,0.427,13.0,36.0,0.361,33.0,38.0,0.868,13.0,41.0,54.0,23.0,4.0,5.0,15.0,20.0,122.0,,0.577,0.5,0.404,0.427,26.0,82.0,54.0,60.5,3.8,10.0,12.4,100.0,116.8,107.3,,,10.0,24.0,0.8,4.0,9.0,1.0,15.0,17.0,1.0,3.0,10.0,11.0,9.0,1.0,2.0,3.0,5.0,36.0,15.0,0.972,1.0,0.9,1.0,11.2,44.7,27.9,50.0,1.7,7.0,66.7,38.0,159.0,116.0,ATL,122,0,2021,2020-12-26,False
40,240.0,240.0,40.0,88.0,0.455,10.0,36.0,0.278,19.0,24.0,0.792,9.0,45.0,54.0,25.0,10.0,7.0,16.0,21.0,109.0,,0.553,0.511,0.409,0.273,20.9,77.6,53.5,62.5,9.6,11.5,14.0,100.0,104.7,102.8,,,8.0,20.0,0.889,4.0,6.0,1.0,7.0,10.0,1.0,2.0,13.0,13.0,9.0,2.0,2.0,5.0,4.0,24.0,16.0,1.063,1.111,1.0,0.667,11.4,37.7,21.6,43.6,5.1,7.2,44.4,35.8,179.0,107.0,OKC,109,0,1,240.0,240.0,37.0,93.0,0.398,13.0,32.0,0.406,20.0,32.0,0.625,13.0,34.0,47.0,27.0,11.0,8.0,13.0,22.0,107.0,,0.5,0.468,0.344,0.344,22.4,79.1,46.5,73.0,10.6,15.4,10.8,100.0,102.8,104.7,,,7.0,16.0,0.625,4.0,7.0,1.0,7.0,9.0,1.0,3.0,6.0,9.0,10.0,2.0,3.0,3.0,4.0,19.0,14.0,0.875,0.875,0.5,4.0,10.8,52.1,22.2,45.3,6.0,9.5,26.6,33.6,228.0,113.0,CHO,107,1,2021,2020-12-26,True
41,240.0,240.0,37.0,93.0,0.398,13.0,32.0,0.406,20.0,32.0,0.625,13.0,34.0,47.0,27.0,11.0,8.0,13.0,22.0,107.0,,0.5,0.468,0.344,0.344,22.4,79.1,46.5,73.0,10.6,15.4,10.8,100.0,102.8,104.7,,,7.0,16.0,0.625,4.0,7.0,1.0,7.0,9.0,1.0,3.0,6.0,9.0,10.0,2.0,3.0,3.0,4.0,19.0,14.0,0.875,0.875,0.5,4.0,10.8,52.1,22.2,45.3,6.0,9.5,26.6,33.6,228.0,113.0,CHO,107,1,0,240.0,240.0,40.0,88.0,0.455,10.0,36.0,0.278,19.0,24.0,0.792,9.0,45.0,54.0,25.0,10.0,7.0,16.0,21.0,109.0,,0.553,0.511,0.409,0.273,20.9,77.6,53.5,62.5,9.6,11.5,14.0,100.0,104.7,102.8,,,8.0,20.0,0.889,4.0,6.0,1.0,7.0,10.0,1.0,2.0,13.0,13.0,9.0,2.0,2.0,5.0,4.0,24.0,16.0,1.063,1.111,1.0,0.667,11.4,37.7,21.6,43.6,5.1,7.2,44.4,35.8,179.0,107.0,OKC,109,0,2021,2020-12-26,False
42,290.0,290.0,48.0,99.0,0.485,13.0,30.0,0.433,19.0,30.0,0.633,7.0,44.0,51.0,29.0,13.0,4.0,18.0,24.0,128.0,,0.57,0.551,0.303,0.303,13.0,81.5,47.2,60.4,10.7,7.5,13.8,100.0,105.2,97.8,,,15.0,23.0,0.667,4.0,8.0,1.0,9.0,14.0,0.8,2.0,14.0,16.0,12.0,4.0,3.0,4.0,6.0,32.0,19.0,0.751,0.75,0.75,0.667,8.8,34.4,19.7,45.0,4.4,7.5,33.3,33.5,160.0,103.0,CLE,11,0,1,290.0,290.0,40.0,98.0,0.408,16.0,45.0,0.356,23.0,32.0,0.719,10.0,47.0,57.0,24.0,9.0,5.0,22.0,20.0,119.0,,0.531,0.49,0.459,0.327,18.5,87.0,52.8,60.0,7.4,7.2,16.4,100.0,97.8,105.2,,,9.0,21.0,0.75,8.0,16.0,0.667,7.0,9.0,1.0,3.0,9.0,10.0,5.0,3.0,3.0,6.0,6.0,28.0,9.0,0.799,0.786,1.0,1.0,17.9,45.9,23.0,25.5,4.4,5.9,33.3,30.9,151.0,111.0,DET,11,1,2021,2020-12-26,False
43,290.0,290.0,40.0,98.0,0.408,16.0,45.0,0.356,23.0,32.0,0.719,10.0,47.0,57.0,24.0,9.0,5.0,22.0,20.0,119.0,,0.531,0.49,0.459,0.327,18.5,87.0,52.8,60.0,7.4,7.2,16.4,100.0,97.8,105.2,,,9.0,21.0,0.75,8.0,16.0,0.667,7.0,9.0,1.0,3.0,9.0,10.0,5.0,3.0,3.0,6.0,6.0,28.0,9.0,0.799,0.786,1.0,1.0,17.9,45.9,23.0,25.5,4.4,5.9,33.3,30.9,151.0,111.0,DET,11,1,0,290.0,290.0,48.0,99.0,0.485,13.0,30.0,0.433,19.0,30.0,0.633,7.0,44.0,51.0,29.0,13.0,4.0,18.0,24.0,128.0,,0.57,0.551,0.303,0.303,13.0,81.5,47.2,60.4,10.7,7.5,13.8,100.0,105.2,97.8,,,15.0,23.0,0.667,4.0,8.0,1.0,9.0,14.0,0.8,2.0,14.0,16.0,12.0,4.0,3.0,4.0,6.0,32.0,19.0,0.751,0.75,0.75,0.667,8.8,34.4,19.7,45.0,4.4,7.5,33.3,33.5,160.0,103.0,CLE,11,0,2021,2020-12-26,False
44,240.0,240.0,48.0,95.0,0.505,11.0,31.0,0.355,23.0,29.0,0.793,11.0,43.0,54.0,25.0,8.0,0.0,13.0,21.0,130.0,,0.603,0.563,0.326,0.305,23.4,86.0,55.7,52.1,7.2,0.0,10.8,100.0,117.8,108.7,,,9.0,20.0,0.75,3.0,7.0,1.0,7.0,8.0,1.0,3.0,14.0,17.0,7.0,2.0,0.0,3.0,4.0,25.0,16.0,1.0,1.0,0.667,0.625,11.0,43.2,27.1,38.7,3.1,0.0,38.1,31.7,138.0,113.0,ORL,130,0,1,240.0,240.0,46.0,95.0,0.484,13.0,37.0,0.351,15.0,28.0,0.536,7.0,36.0,43.0,28.0,5.0,3.0,14.0,25.0,120.0,,0.559,0.553,0.389,0.295,14.0,76.6,44.3,60.9,4.5,4.7,11.5,100.0,108.7,117.8,,,14.0,24.0,1.0,3.0,10.0,1.0,9.0,13.0,0.75,2.0,13.0,15.0,12.0,2.0,2.0,5.0,4.0,39.0,3.0,1.375,1.375,0.909,2.0,7.3,36.9,20.6,42.1,2.4,7.5,25.0,35.8,198.0,124.0,WAS,120,1,2021,2020-12-26,True
45,240.0,240.0,46.0,95.0,0.484,13.0,37.0,0.351,15.0,28.0,0.536,7.0,36.0,43.0,28.0,5.0,3.0,14.0,25.0,120.0,,0.559,0.553,0.389,0.295,14.0,76.6,44.3,60.9,4.5,4.7,11.5,100.0,108.7,117.8,,,14.0,24.0,1.0,3.0,10.0,1.0,9.0,13.0,0.75,2.0,13.0,15.0,12.0,2.0,2.0,5.0,4.0,39.0,3.0,1.375,1.375,0.909,2.0,7.3,36.9,20.6,42.1,2.4,7.5,25.0,35.8,198.0,124.0,WAS,120,1,0,240.0,240.0,48.0,95.0,0.505,11.0,31.0,0.355,23.0,29.0,0.793,11.0,43.0,54.0,25.0,8.0,0.0,13.0,21.0,130.0,,0.603,0.563,0.326,0.305,23.4,86.0,55.7,52.1,7.2,0.0,10.8,100.0,117.8,108.7,,,9.0,20.0,0.75,3.0,7.0,1.0,7.0,8.0,1.0,3.0,14.0,17.0,7.0,2.0,0.0,3.0,4.0,25.0,16.0,1.0,1.0,0.667,0.625,11.0,43.2,27.1,38.7,3.1,0.0,38.1,31.7,138.0,113.0,ORL,130,0,2021,2020-12-26,False
46,240.0,240.0,41.0,88.0,0.466,11.0,31.0,0.355,16.0,22.0,0.727,12.0,35.0,47.0,20.0,9.0,6.0,12.0,19.0,109.0,,0.558,0.528,0.352,0.25,28.6,72.9,52.2,48.8,9.6,11.1,10.9,100.0,116.0,94.8,,,10.0,20.0,0.75,3.0,6.0,0.75,5.0,8.0,1.0,4.0,8.0,10.0,6.0,4.0,2.0,3.0,4.0,27.0,32.0,0.957,0.938,1.0,0.889,22.3,24.3,20.8,45.9,7.4,5.9,30.0,34.4,199.0,105.0,PHI,109,0,1,240.0,240.0,32.0,83.0,0.386,8.0,29.0,0.276,17.0,23.0,0.739,13.0,30.0,43.0,19.0,6.0,4.0,16.0,23.0,89.0,,0.478,0.434,0.349,0.277,27.1,71.4,47.8,59.4,6.4,7.0,14.7,100.0,94.8,116.0,,,11.0,15.0,0.733,4.0,6.0,1.0,6.0,8.0,1.0,5.0,5.0,9.0,4.0,2.0,2.0,5.0,4.0,25.0,1.0,0.787,0.8,1.0,0.533,20.0,21.5,19.2,24.9,3.3,6.7,24.2,35.9,139.0,125.0,NYK,89,1,2021,2020-12-26,False
47,240.0,240.0,32.0,83.0,0.386,8.0,29.0,0.276,17.0,23.0,0.739,13.0,30.0,43.0,19.0,6.0,4.0,16.0,23.0,89.0,,0.478,0.434,0.349,0.277,27.1,71.4,47.8,59.4,6.4,7.0,14.7,100.0,94.8,116.0,,,11.0,15.0,0.733,4.0,6.0,1.0,6.0,8.0,1.0,5.0,5.0,9.0,4.0,2.0,2.0,5.0,4.0,25.0,1.0,0.787,0.8,1.0,0.533,20.0,21.5,19.2,24.9,3.3,6.7,24.2,35.9,139.0,125.0,NYK,89,1,0,240.0,240.0,41.0,88.0,0.466,11.0,31.0,0.355,16.0,22.0,0.727,12.0,35.0,47.0,20.0,9.0,6.0,12.0,19.0,109.0,,0.558,0.528,0.352,0.25,28.6,72.9,52.2,48.8,9.6,11.1,10.9,100.0,116.0,94.8,,,10.0,20.0,0.75,3.0,6.0,0.75,5.0,8.0,1.0,4.0,8.0,10.0,6.0,4.0,2.0,3.0,4.0,27.0,32.0,0.957,0.938,1.0,0.889,22.3,24.3,20.8,45.9,7.4,5.9,30.0,34.4,199.0,105.0,PHI,109,0,2021,2020-12-26,True
48,240.0,240.0,52.0,93.0,0.559,9.0,26.0,0.346,12.0,19.0,0.632,9.0,40.0,49.0,34.0,15.0,4.0,16.0,26.0,125.0,,0.617,0.608,0.28,0.204,24.3,75.5,54.4,65.4,14.2,7.7,13.6,100.0,117.9,100.0,,,10.0,16.0,1.0,5.0,5.0,1.0,6.0,11.0,1.0,2.0,9.0,10.0,11.0,3.0,4.0,5.0,6.0,23.0,16.0,1.0,1.0,0.6,1.0,62.3,43.5,51.2,42.7,21.7,14.6,37.5,58.9,200.0,115.0,IND,125,0,1,240.0,240.0,34.0,91.0,0.374,16.0,39.0,0.41,22.0,25.0,0.88,13.0,28.0,41.0,23.0,7.0,7.0,20.0,16.0,106.0,,0.52,0.462,0.429,0.275,24.5,75.7,45.6,67.6,6.6,10.4,16.4,100.0,100.0,117.9,,,6.0,14.0,0.667,4.0,8.0,1.0,5.0,6.0,1.0,3.0,7.0,9.0,9.0,2.0,2.0,4.0,4.0,17.0,7.0,0.917,0.917,1.0,2.0,15.2,46.1,19.0,57.6,5.4,6.0,50.0,29.7,162.0,123.0,CHI,106,1,2021,2020-12-26,True
49,240.0,240.0,34.0,91.0,0.374,16.0,39.0,0.41,22.0,25.0,0.88,13.0,28.0,41.0,23.0,7.0,7.0,20.0,16.0,106.0,,0.52,0.462,0.429,0.275,24.5,75.7,45.6,67.6,6.6,10.4,16.4,100.0,100.0,117.9,,,6.0,14.0,0.667,4.0,8.0,1.0,5.0,6.0,1.0,3.0,7.0,9.0,9.0,2.0,2.0,4.0,4.0,17.0,7.0,0.917,0.917,1.0,2.0,15.2,46.1,19.0,57.6,5.4,6.0,50.0,29.7,162.0,123.0,CHI,106,1,0,240.0,240.0,52.0,93.0,0.559,9.0,26.0,0.346,12.0,19.0,0.632,9.0,40.0,49.0,34.0,15.0,4.0,16.0,26.0,125.0,,0.617,0.608,0.28,0.204,24.3,75.5,54.4,65.4,14.2,7.7,13.6,100.0,117.9,100.0,,,10.0,16.0,1.0,5.0,5.0,1.0,6.0,11.0,1.0,2.0,9.0,10.0,11.0,3.0,4.0,5.0,6.0,23.0,16.0,1.0,1.0,0.6,1.0,62.3,43.5,51.2,42.7,21.7,14.6,37.5,58.9,200.0,115.0,IND,125,0,2021,2020-12-26,False
50,240.0,240.0,44.0,96.0,0.458,15.0,41.0,0.366,11.0,15.0,0.733,10.0,36.0,46.0,32.0,8.0,9.0,11.0,23.0,114.0,,0.556,0.536,0.427,0.156,20.4,72.0,46.5,72.7,7.7,13.6,9.7,100.0,109.5,114.3,,,10.0,20.0,0.692,5.0,12.0,0.75,4.0,4.0,1.0,4.0,13.0,15.0,10.0,2.0,7.0,5.0,5.0,27.0,4.0,0.793,0.808,0.833,0.667,14.9,29.0,17.2,40.0,5.2,18.0,33.3,26.6,158.0,119.0,TOR,114,0,1,240.0,240.0,47.0,100.0,0.47,14.0,34.0,0.412,11.0,16.0,0.688,14.0,39.0,53.0,36.0,4.0,3.0,16.0,20.0,119.0,,0.556,0.54,0.34,0.16,28.0,79.6,53.5,76.6,3.8,5.5,13.0,100.0,114.3,109.5,,,10.0,17.0,1.0,5.0,8.0,1.0,4.0,5.0,1.0,4.0,8.0,10.0,10.0,2.0,1.0,3.0,3.0,27.0,21.0,1.5,1.5,1.0,0.667,23.2,41.2,20.4,41.1,3.9,7.3,31.1,25.8,260.0,117.0,SAS,119,1,2021,2020-12-26,False
51,240.0,240.0,47.0,100.0,0.47,14.0,34.0,0.412,11.0,16.0,0.688,14.0,39.0,53.0,36.0,4.0,3.0,16.0,20.0,119.0,,0.556,0.54,0.34,0.16,28.0,79.6,53.5,76.6,3.8,5.5,13.0,100.0,114.3,109.5,,,10.0,17.0,1.0,5.0,8.0,1.0,4.0,5.0,1.0,4.0,8.0,10.0,10.0,2.0,1.0,3.0,3.0,27.0,21.0,1.5,1.5,1.0,0.667,23.2,41.2,20.4,41.1,3.9,7.3,31.1,25.8,260.0,117.0,SAS,119,1,0,240.0,240.0,44.0,96.0,0.458,15.0,41.0,0.366,11.0,15.0,0.733,10.0,36.0,46.0,32.0,8.0,9.0,11.0,23.0,114.0,,0.556,0.536,0.427,0.156,20.4,72.0,46.5,72.7,7.7,13.6,9.7,100.0,109.5,114.3,,,10.0,20.0,0.692,5.0,12.0,0.75,4.0,4.0,1.0,4.0,13.0,15.0,10.0,2.0,7.0,5.0,5.0,27.0,4.0,0.793,0.808,0.833,0.667,14.9,29.0,17.2,40.0,5.2,18.0,33.3,26.6,158.0,119.0,TOR,114,0,2021,2020-12-26,True
52,240.0,240.0,45.0,101.0,0.446,13.0,29.0,0.448,13.0,18.0,0.722,12.0,28.0,40.0,21.0,9.0,5.0,9.0,28.0,116.0,,0.533,0.51,0.287,0.178,24.0,59.6,41.2,46.7,8.8,8.3,7.6,100.0,113.4,108.5,,,9.0,21.0,0.714,3.0,6.0,1.0,4.0,8.0,1.0,3.0,9.0,12.0,6.0,2.0,4.0,2.0,4.0,25.0,13.0,0.888,0.929,0.5,0.381,18.3,30.7,19.9,27.2,4.2,10.7,11.1,31.6,229.0,121.0,MIN,116,0,1,240.0,240.0,36.0,94.0,0.383,10.0,34.0,0.294,29.0,37.0,0.784,19.0,38.0,57.0,15.0,5.0,4.0,18.0,20.0,111.0,,0.503,0.436,0.362,0.394,40.4,76.0,58.8,41.7,4.9,5.6,14.0,100.0,108.5,113.4,,,8.0,23.0,0.7,2.0,9.0,0.5,7.0,9.0,1.0,7.0,10.0,16.0,5.0,3.0,2.0,4.0,5.0,23.0,9.0,0.712,0.7,0.625,1.333,25.2,29.7,27.3,22.8,3.8,3.6,33.3,31.8,222.0,122.0,UTA,111,1,2021,2020-12-26,True
53,240.0,240.0,36.0,94.0,0.383,10.0,34.0,0.294,29.0,37.0,0.784,19.0,38.0,57.0,15.0,5.0,4.0,18.0,20.0,111.0,,0.503,0.436,0.362,0.394,40.4,76.0,58.8,41.7,4.9,5.6,14.0,100.0,108.5,113.4,,,8.0,23.0,0.7,2.0,9.0,0.5,7.0,9.0,1.0,7.0,10.0,16.0,5.0,3.0,2.0,4.0,5.0,23.0,9.0,0.712,0.7,0.625,1.333,25.2,29.7,27.3,22.8,3.8,3.6,33.3,31.8,222.0,122.0,UTA,111,1,0,240.0,240.0,45.0,101.0,0.446,13.0,29.0,0.448,13.0,18.0,0.722,12.0,28.0,40.0,21.0,9.0,5.0,9.0,28.0,116.0,,0.533,0.51,0.287,0.178,24.0,59.6,41.2,46.7,8.8,8.3,7.6,100.0,113.4,108.5,,,9.0,21.0,0.714,3.0,6.0,1.0,4.0,8.0,1.0,3.0,9.0,12.0,6.0,2.0,4.0,2.0,4.0,25.0,13.0,0.888,0.929,0.5,0.381,18.3,30.7,19.9,27.2,4.2,10.7,11.1,31.6,229.0,121.0,MIN,116,0,2021,2020-12-26,False
54,265.0,265.0,45.0,87.0,0.517,11.0,35.0,0.314,25.0,32.0,0.781,10.0,32.0,42.0,27.0,5.0,5.0,16.0,22.0,126.0,,0.623,0.58,0.402,0.368,22.7,74.4,48.3,60.0,4.7,8.8,13.7,100.0,117.4,119.2,,,14.0,22.0,0.8,6.0,13.0,0.667,14.0,16.0,1.0,3.0,10.0,13.0,17.0,1.0,2.0,5.0,4.0,44.0,14.0,1.0,1.0,1.0,0.762,12.4,34.7,18.8,68.7,1.8,26.2,50.0,34.6,149.0,125.0,HOU,13,0,1,265.0,265.0,47.0,102.0,0.461,19.0,45.0,0.422,15.0,23.0,0.652,11.0,34.0,45.0,27.0,10.0,5.0,13.0,20.0,128.0,,0.571,0.554,0.441,0.225,25.6,77.3,51.7,57.4,9.3,9.6,10.4,100.0,119.2,117.4,,,17.0,30.0,0.8,9.0,16.0,0.563,5.0,6.0,1.0,4.0,8.0,11.0,9.0,2.0,2.0,5.0,5.0,44.0,16.0,0.85,0.8,1.0,1.0,27.0,33.0,30.0,36.6,6.3,20.7,33.3,36.1,153.0,122.0,POR,15,1,2021,2020-12-26,False
55,265.0,265.0,47.0,102.0,0.461,19.0,45.0,0.422,15.0,23.0,0.652,11.0,34.0,45.0,27.0,10.0,5.0,13.0,20.0,128.0,,0.571,0.554,0.441,0.225,25.6,77.3,51.7,57.4,9.3,9.6,10.4,100.0,119.2,117.4,,,17.0,30.0,0.8,9.0,16.0,0.563,5.0,6.0,1.0,4.0,8.0,11.0,9.0,2.0,2.0,5.0,5.0,44.0,16.0,0.85,0.8,1.0,1.0,27.0,33.0,30.0,36.6,6.3,20.7,33.3,36.1,153.0,122.0,POR,15,1,0,265.0,265.0,45.0,87.0,0.517,11.0,35.0,0.314,25.0,32.0,0.781,10.0,32.0,42.0,27.0,5.0,5.0,16.0,22.0,126.0,,0.623,0.58,0.402,0.368,22.7,74.4,48.3,60.0,4.7,8.8,13.7,100.0,117.4,119.2,,,14.0,22.0,0.8,6.0,13.0,0.667,14.0,16.0,1.0,3.0,10.0,13.0,17.0,1.0,2.0,5.0,4.0,44.0,14.0,1.0,1.0,1.0,0.762,12.4,34.7,18.8,68.7,1.8,26.2,50.0,34.6,149.0,125.0,HOU,13,0,2021,2020-12-26,True
56,240.0,240.0,41.0,98.0,0.418,11.0,44.0,0.25,10.0,13.0,0.769,10.0,30.0,40.0,25.0,8.0,5.0,11.0,23.0,103.0,,0.497,0.474,0.449,0.133,19.6,66.7,41.7,61.0,7.9,7.9,9.6,100.0,101.6,104.6,,,10.0,21.0,0.6,3.0,8.0,0.429,4.0,5.0,1.0,4.0,8.0,12.0,12.0,2.0,3.0,7.0,5.0,26.0,7.0,0.654,0.654,1.0,1.0,46.1,40.8,24.5,60.0,6.5,8.5,23.9,34.4,133.0,114.0,PHO,103,0,1,240.0,240.0,39.0,86.0,0.453,5.0,23.0,0.217,23.0,33.0,0.697,15.0,41.0,56.0,20.0,4.0,9.0,18.0,22.0,106.0,,0.527,0.483,0.267,0.384,33.3,80.4,58.3,51.3,3.9,16.7,15.2,100.0,104.6,101.6,,,7.0,14.0,0.833,3.0,7.0,0.429,7.0,8.0,1.0,6.0,10.0,11.0,7.0,1.0,2.0,5.0,4.0,24.0,8.0,0.872,0.833,0.75,1.0,30.9,37.0,26.6,32.8,3.1,11.6,35.7,31.5,185.0,106.0,SAC,106,1,2021,2020-12-26,False
57,240.0,240.0,39.0,86.0,0.453,5.0,23.0,0.217,23.0,33.0,0.697,15.0,41.0,56.0,20.0,4.0,9.0,18.0,22.0,106.0,,0.527,0.483,0.267,0.384,33.3,80.4,58.3,51.3,3.9,16.7,15.2,100.0,104.6,101.6,,,7.0,14.0,0.833,3.0,7.0,0.429,7.0,8.0,1.0,6.0,10.0,11.0,7.0,1.0,2.0,5.0,4.0,24.0,8.0,0.872,0.833,0.75,1.0,30.9,37.0,26.6,32.8,3.1,11.6,35.7,31.5,185.0,106.0,SAC,106,1,0,240.0,240.0,41.0,98.0,0.418,11.0,44.0,0.25,10.0,13.0,0.769,10.0,30.0,40.0,25.0,8.0,5.0,11.0,23.0,103.0,,0.497,0.474,0.449,0.133,19.6,66.7,41.7,61.0,7.9,7.9,9.6,100.0,101.6,104.6,,,10.0,21.0,0.6,3.0,8.0,0.429,4.0,5.0,1.0,4.0,8.0,12.0,12.0,2.0,3.0,7.0,5.0,26.0,7.0,0.654,0.654,1.0,1.0,46.1,40.8,24.5,60.0,6.5,8.5,23.9,34.4,133.0,114.0,PHO,103,0,2021,2020-12-26,True
58,240.0,240.0,43.0,87.0,0.494,14.0,41.0,0.341,24.0,27.0,0.889,11.0,43.0,54.0,25.0,10.0,2.0,6.0,14.0,124.0,,0.627,0.575,0.471,0.31,26.2,89.6,60.0,58.1,11.0,4.7,5.7,100.0,136.3,80.3,,,8.0,18.0,1.0,4.0,8.0,0.5,8.0,9.0,1.0,4.0,9.0,9.0,8.0,2.0,1.0,2.0,3.0,24.0,31.0,1.064,1.0,1.0,2.0,25.4,34.7,26.0,52.6,6.0,6.5,34.7,42.3,189.0,89.0,DAL,124,0,1,240.0,240.0,26.0,76.0,0.342,4.0,33.0,0.121,17.0,20.0,0.85,5.0,31.0,36.0,13.0,2.0,2.0,12.0,19.0,73.0,,0.43,0.368,0.434,0.263,10.4,73.8,40.0,50.0,2.2,4.3,12.4,100.0,80.3,136.3,,,6.0,13.0,0.75,2.0,6.0,0.4,7.0,8.0,1.0,1.0,8.0,9.0,4.0,1.0,1.0,4.0,4.0,15.0,-4.0,0.868,0.75,1.0,1.0,11.1,46.8,24.6,44.0,3.5,8.7,25.8,42.1,180.0,142.0,LAC,73,1,2021,2020-12-27,False
59,240.0,240.0,26.0,76.0,0.342,4.0,33.0,0.121,17.0,20.0,0.85,5.0,31.0,36.0,13.0,2.0,2.0,12.0,19.0,73.0,,0.43,0.368,0.434,0.263,10.4,73.8,40.0,50.0,2.2,4.3,12.4,100.0,80.3,136.3,,,6.0,13.0,0.75,2.0,6.0,0.4,7.0,8.0,1.0,1.0,8.0,9.0,4.0,1.0,1.0,4.0,4.0,15.0,-4.0,0.868,0.75,1.0,1.0,11.1,46.8,24.6,44.0,3.5,8.7,25.8,42.1,180.0,142.0,LAC,73,1,0,240.0,240.0,43.0,87.0,0.494,14.0,41.0,0.341,24.0,27.0,0.889,11.0,43.0,54.0,25.0,10.0,2.0,6.0,14.0,124.0,,0.627,0.575,0.471,0.31,26.2,89.6,60.0,58.1,11.0,4.7,5.7,100.0,136.3,80.3,,,8.0,18.0,1.0,4.0,8.0,0.5,8.0,9.0,1.0,4.0,9.0,9.0,8.0,2.0,1.0,2.0,3.0,24.0,31.0,1.064,1.0,1.0,2.0,25.4,34.7,26.0,52.6,6.0,6.5,34.7,42.3,189.0,89.0,DAL,124,0,2021,2020-12-27,True
60,240.0,240.0,38.0,89.0,0.427,11.0,36.0,0.306,8.0,8.0,1.0,4.0,43.0,47.0,26.0,5.0,10.0,15.0,23.0,95.0,,0.513,0.489,0.404,0.09,8.5,76.8,45.6,68.4,5.0,14.3,14.0,100.0,94.2,97.2,,,9.0,20.0,0.667,4.0,8.0,0.571,2.0,2.0,1.0,2.0,9.0,11.0,10.0,2.0,2.0,6.0,5.0,22.0,15.0,0.727,0.722,1.0,0.333,6.6,29.4,16.7,46.3,3.4,6.8,40.0,34.7,128.0,105.0,SAS,95,0,1,240.0,240.0,36.0,94.0,0.383,5.0,24.0,0.208,21.0,29.0,0.724,13.0,43.0,56.0,15.0,11.0,4.0,8.0,16.0,98.0,,0.459,0.41,0.255,0.309,23.2,91.5,54.4,41.7,10.9,7.5,7.0,100.0,97.2,94.2,,,9.0,23.0,0.667,2.0,6.0,0.5,8.0,10.0,1.0,5.0,9.0,11.0,6.0,5.0,1.0,3.0,4.0,28.0,18.0,0.773,0.667,0.75,0.833,11.3,27.9,14.5,34.4,6.4,3.2,20.5,36.1,159.0,102.0,NOP,98,1,2021,2020-12-27,False
61,240.0,240.0,36.0,94.0,0.383,5.0,24.0,0.208,21.0,29.0,0.724,13.0,43.0,56.0,15.0,11.0,4.0,8.0,16.0,98.0,,0.459,0.41,0.255,0.309,23.2,91.5,54.4,41.7,10.9,7.5,7.0,100.0,97.2,94.2,,,9.0,23.0,0.667,2.0,6.0,0.5,8.0,10.0,1.0,5.0,9.0,11.0,6.0,5.0,1.0,3.0,4.0,28.0,18.0,0.773,0.667,0.75,0.833,11.3,27.9,14.5,34.4,6.4,3.2,20.5,36.1,159.0,102.0,NOP,98,1,0,240.0,240.0,38.0,89.0,0.427,11.0,36.0,0.306,8.0,8.0,1.0,4.0,43.0,47.0,26.0,5.0,10.0,15.0,23.0,95.0,,0.513,0.489,0.404,0.09,8.5,76.8,45.6,68.4,5.0,14.3,14.0,100.0,94.2,97.2,,,9.0,20.0,0.667,4.0,8.0,0.571,2.0,2.0,1.0,2.0,9.0,11.0,10.0,2.0,2.0,6.0,5.0,22.0,15.0,0.727,0.722,1.0,0.333,6.6,29.4,16.7,46.3,3.4,6.8,40.0,34.7,128.0,105.0,SAS,95,0,2021,2020-12-27,True
62,240.0,240.0,37.0,85.0,0.435,9.0,25.0,0.36,37.0,38.0,0.974,11.0,34.0,45.0,19.0,6.0,3.0,10.0,14.0,120.0,,0.59,0.488,0.294,0.447,24.4,72.3,48.9,51.4,6.1,4.6,9.0,100.0,121.2,114.1,,,11.0,21.0,1.0,4.0,7.0,0.667,9.0,10.0,1.0,4.0,8.0,8.0,4.0,2.0,1.0,2.0,4.0,26.0,28.0,1.0,1.0,1.0,1.0,22.5,30.9,19.3,25.8,4.2,4.3,100.0,35.3,138.0,121.0,ORL,120,0,1,240.0,240.0,47.0,97.0,0.485,8.0,32.0,0.25,11.0,13.0,0.846,13.0,34.0,47.0,27.0,6.0,4.0,13.0,26.0,113.0,,0.55,0.526,0.33,0.134,27.7,75.6,51.1,57.4,6.1,6.7,11.2,100.0,114.1,121.2,,,10.0,29.0,1.0,2.0,8.0,1.0,9.0,9.0,1.0,4.0,7.0,9.0,7.0,3.0,1.0,2.0,5.0,29.0,20.0,1.5,1.5,1.0,0.75,13.1,35.4,20.2,29.7,4.5,4.4,66.7,36.0,271.0,130.0,WAS,113,1,2021,2020-12-27,True
63,240.0,240.0,47.0,97.0,0.485,8.0,32.0,0.25,11.0,13.0,0.846,13.0,34.0,47.0,27.0,6.0,4.0,13.0,26.0,113.0,,0.55,0.526,0.33,0.134,27.7,75.6,51.1,57.4,6.1,6.7,11.2,100.0,114.1,121.2,,,10.0,29.0,1.0,2.0,8.0,1.0,9.0,9.0,1.0,4.0,7.0,9.0,7.0,3.0,1.0,2.0,5.0,29.0,20.0,1.5,1.5,1.0,0.75,13.1,35.4,20.2,29.7,4.5,4.4,66.7,36.0,271.0,130.0,WAS,113,1,0,240.0,240.0,37.0,85.0,0.435,9.0,25.0,0.36,37.0,38.0,0.974,11.0,34.0,45.0,19.0,6.0,3.0,10.0,14.0,120.0,,0.59,0.488,0.294,0.447,24.4,72.3,48.9,51.4,6.1,4.6,9.0,100.0,121.2,114.1,,,11.0,21.0,1.0,4.0,7.0,0.667,9.0,10.0,1.0,4.0,8.0,8.0,4.0,2.0,1.0,2.0,4.0,26.0,28.0,1.0,1.0,1.0,1.0,22.5,30.9,19.3,25.8,4.2,4.3,100.0,35.3,138.0,121.0,ORL,120,0,2021,2020-12-27,False
64,240.0,240.0,35.0,82.0,0.427,17.0,47.0,0.362,17.0,25.0,0.68,6.0,40.0,46.0,23.0,4.0,5.0,19.0,17.0,104.0,,0.559,0.53,0.573,0.305,13.3,75.5,46.9,65.7,3.9,8.1,17.0,100.0,101.4,103.3,,,10.0,17.0,1.0,5.0,8.0,1.0,6.0,9.0,1.0,4.0,11.0,14.0,6.0,1.0,1.0,4.0,3.0,29.0,7.0,1.375,1.375,1.0,4.0,16.8,52.5,31.0,36.4,4.0,6.6,41.0,38.7,249.0,111.0,BRK,104,0,1,240.0,240.0,43.0,96.0,0.448,10.0,34.0,0.294,10.0,17.0,0.588,13.0,39.0,52.0,35.0,8.0,3.0,12.0,25.0,106.0,,0.512,0.5,0.354,0.177,24.5,86.7,53.1,81.4,7.8,8.6,10.4,100.0,103.3,101.4,,,12.0,20.0,0.833,3.0,9.0,0.667,4.0,6.0,1.0,6.0,8.0,12.0,7.0,2.0,2.0,3.0,5.0,28.0,14.0,0.773,0.833,1.0,0.667,15.7,26.6,17.0,54.7,9.8,9.9,33.3,30.5,142.0,107.0,CHO,106,1,2021,2020-12-27,False
65,240.0,240.0,43.0,96.0,0.448,10.0,34.0,0.294,10.0,17.0,0.588,13.0,39.0,52.0,35.0,8.0,3.0,12.0,25.0,106.0,,0.512,0.5,0.354,0.177,24.5,86.7,53.1,81.4,7.8,8.6,10.4,100.0,103.3,101.4,,,12.0,20.0,0.833,3.0,9.0,0.667,4.0,6.0,1.0,6.0,8.0,12.0,7.0,2.0,2.0,3.0,5.0,28.0,14.0,0.773,0.833,1.0,0.667,15.7,26.6,17.0,54.7,9.8,9.9,33.3,30.5,142.0,107.0,CHO,106,1,0,240.0,240.0,35.0,82.0,0.427,17.0,47.0,0.362,17.0,25.0,0.68,6.0,40.0,46.0,23.0,4.0,5.0,19.0,17.0,104.0,,0.559,0.53,0.573,0.305,13.3,75.5,46.9,65.7,3.9,8.1,17.0,100.0,101.4,103.3,,,10.0,17.0,1.0,5.0,8.0,1.0,6.0,9.0,1.0,4.0,11.0,14.0,6.0,1.0,1.0,4.0,3.0,29.0,7.0,1.375,1.375,1.0,4.0,16.8,52.5,31.0,36.4,4.0,6.6,41.0,38.7,249.0,111.0,BRK,104,0,2021,2020-12-27,True
66,240.0,240.0,33.0,79.0,0.418,12.0,37.0,0.324,16.0,22.0,0.727,8.0,31.0,39.0,24.0,9.0,5.0,21.0,19.0,94.0,,0.53,0.494,0.468,0.278,19.0,73.8,46.4,72.7,9.0,7.4,19.1,100.0,93.6,117.5,,,5.0,10.0,1.0,4.0,7.0,0.667,5.0,7.0,1.0,4.0,9.0,9.0,5.0,3.0,2.0,6.0,4.0,16.0,6.0,0.922,1.0,1.0,1.0,26.2,36.3,26.2,100.0,6.8,8.1,38.1,37.2,134.0,125.0,PHI,94,0,1,240.0,240.0,48.0,91.0,0.527,9.0,23.0,0.391,13.0,16.0,0.813,11.0,34.0,45.0,31.0,13.0,6.0,16.0,22.0,118.0,,0.602,0.577,0.253,0.176,26.2,81.0,53.6,64.6,12.9,14.3,14.0,100.0,117.5,93.6,,,11.0,18.0,1.0,3.0,4.0,0.75,5.0,6.0,1.0,6.0,8.0,14.0,7.0,3.0,2.0,4.0,5.0,24.0,29.0,1.083,1.083,0.75,2.0,26.7,49.0,31.2,31.9,5.6,13.9,50.0,34.0,200.0,106.0,CLE,118,1,2021,2020-12-27,True
67,240.0,240.0,48.0,91.0,0.527,9.0,23.0,0.391,13.0,16.0,0.813,11.0,34.0,45.0,31.0,13.0,6.0,16.0,22.0,118.0,,0.602,0.577,0.253,0.176,26.2,81.0,53.6,64.6,12.9,14.3,14.0,100.0,117.5,93.6,,,11.0,18.0,1.0,3.0,4.0,0.75,5.0,6.0,1.0,6.0,8.0,14.0,7.0,3.0,2.0,4.0,5.0,24.0,29.0,1.083,1.083,0.75,2.0,26.7,49.0,31.2,31.9,5.6,13.9,50.0,34.0,200.0,106.0,CLE,118,1,0,240.0,240.0,33.0,79.0,0.418,12.0,37.0,0.324,16.0,22.0,0.727,8.0,31.0,39.0,24.0,9.0,5.0,21.0,19.0,94.0,,0.53,0.494,0.468,0.278,19.0,73.8,46.4,72.7,9.0,7.4,19.1,100.0,93.6,117.5,,,5.0,10.0,1.0,4.0,7.0,0.667,5.0,7.0,1.0,4.0,9.0,9.0,5.0,3.0,2.0,6.0,4.0,16.0,6.0,0.922,1.0,1.0,1.0,26.2,36.3,26.2,100.0,6.8,8.1,38.1,37.2,134.0,125.0,PHI,94,0,2021,2020-12-27,False
68,240.0,240.0,41.0,95.0,0.432,7.0,38.0,0.184,21.0,29.0,0.724,17.0,27.0,44.0,24.0,7.0,5.0,11.0,21.0,110.0,,0.51,0.468,0.4,0.305,30.9,77.1,48.9,58.5,7.0,8.6,9.3,100.0,109.5,129.4,,,9.0,18.0,0.667,2.0,6.0,1.0,8.0,13.0,1.0,5.0,11.0,13.0,5.0,3.0,2.0,3.0,5.0,27.0,6.0,0.75,0.75,0.667,0.867,35.0,47.2,21.7,85.7,4.5,30.3,25.0,43.4,217.0,136.0,MIL,110,0,1,240.0,240.0,46.0,85.0,0.541,16.0,27.0,0.593,22.0,27.0,0.815,8.0,38.0,46.0,27.0,5.0,4.0,15.0,23.0,130.0,,0.671,0.635,0.318,0.318,22.9,69.1,51.1,58.7,5.0,7.0,13.4,100.0,129.4,109.5,,,12.0,17.0,1.0,4.0,5.0,1.0,10.0,11.0,1.0,3.0,11.0,14.0,7.0,2.0,1.0,3.0,4.0,29.0,21.0,1.0,1.0,0.714,2.0,100.0,25.9,42.1,43.5,2.8,6.3,75.0,63.7,181.0,119.0,NYK,130,1,2021,2020-12-27,False
69,240.0,240.0,46.0,85.0,0.541,16.0,27.0,0.593,22.0,27.0,0.815,8.0,38.0,46.0,27.0,5.0,4.0,15.0,23.0,130.0,,0.671,0.635,0.318,0.318,22.9,69.1,51.1,58.7,5.0,7.0,13.4,100.0,129.4,109.5,,,12.0,17.0,1.0,4.0,5.0,1.0,10.0,11.0,1.0,3.0,11.0,14.0,7.0,2.0,1.0,3.0,4.0,29.0,21.0,1.0,1.0,0.714,2.0,100.0,25.9,42.1,43.5,2.8,6.3,75.0,63.7,181.0,119.0,NYK,130,1,0,240.0,240.0,41.0,95.0,0.432,7.0,38.0,0.184,21.0,29.0,0.724,17.0,27.0,44.0,24.0,7.0,5.0,11.0,21.0,110.0,,0.51,0.468,0.4,0.305,30.9,77.1,48.9,58.5,7.0,8.6,9.3,100.0,109.5,129.4,,,9.0,18.0,0.667,2.0,6.0,1.0,8.0,13.0,1.0,5.0,11.0,13.0,5.0,3.0,2.0,3.0,5.0,27.0,6.0,0.75,0.75,0.667,0.867,35.0,47.2,21.7,85.7,4.5,30.3,25.0,43.4,217.0,136.0,MIL,110,0,2021,2020-12-27,True
70,240.0,240.0,40.0,79.0,0.506,9.0,23.0,0.391,18.0,24.0,0.75,6.0,34.0,40.0,21.0,13.0,7.0,18.0,17.0,107.0,,0.597,0.563,0.291,0.304,17.1,81.0,51.9,52.5,13.0,11.3,16.7,100.0,106.6,107.6,,,9.0,21.0,1.0,3.0,9.0,1.0,9.0,10.0,1.0,2.0,11.0,11.0,6.0,4.0,2.0,5.0,4.0,25.0,9.0,1.3,1.3,0.667,1.667,12.7,35.9,22.4,26.8,8.9,10.4,28.6,34.6,162.0,116.0,BOS,107,0,1,240.0,240.0,45.0,88.0,0.511,7.0,26.0,0.269,11.0,15.0,0.733,8.0,29.0,37.0,23.0,11.0,7.0,16.0,20.0,108.0,,0.571,0.551,0.295,0.17,19.0,82.9,48.1,51.1,11.0,12.5,14.5,100.0,107.6,106.6,,,11.0,20.0,0.714,3.0,7.0,0.5,4.0,4.0,1.0,3.0,8.0,10.0,7.0,3.0,5.0,5.0,5.0,25.0,14.0,0.781,0.714,0.583,0.429,11.7,27.0,15.4,41.3,6.6,14.6,60.0,30.9,144.0,112.0,IND,108,1,2021,2020-12-27,False
71,240.0,240.0,45.0,88.0,0.511,7.0,26.0,0.269,11.0,15.0,0.733,8.0,29.0,37.0,23.0,11.0,7.0,16.0,20.0,108.0,,0.571,0.551,0.295,0.17,19.0,82.9,48.1,51.1,11.0,12.5,14.5,100.0,107.6,106.6,,,11.0,20.0,0.714,3.0,7.0,0.5,4.0,4.0,1.0,3.0,8.0,10.0,7.0,3.0,5.0,5.0,5.0,25.0,14.0,0.781,0.714,0.583,0.429,11.7,27.0,15.4,41.3,6.6,14.6,60.0,30.9,144.0,112.0,IND,108,1,0,240.0,240.0,40.0,79.0,0.506,9.0,23.0,0.391,18.0,24.0,0.75,6.0,34.0,40.0,21.0,13.0,7.0,18.0,17.0,107.0,,0.597,0.563,0.291,0.304,17.1,81.0,51.9,52.5,13.0,11.3,16.7,100.0,106.6,107.6,,,9.0,21.0,1.0,3.0,9.0,1.0,9.0,10.0,1.0,2.0,11.0,11.0,6.0,4.0,2.0,5.0,4.0,25.0,9.0,1.3,1.3,0.667,1.667,12.7,35.9,22.4,26.8,8.9,10.4,28.6,34.6,162.0,116.0,BOS,107,0,2021,2020-12-27,True
72,240.0,240.0,42.0,104.0,0.404,18.0,47.0,0.383,27.0,30.0,0.9,10.0,31.0,41.0,25.0,17.0,4.0,12.0,23.0,129.0,,0.55,0.49,0.452,0.288,17.5,81.6,43.2,59.5,14.8,8.9,9.3,100.0,111.9,111.1,,,11.0,25.0,0.667,5.0,15.0,1.0,9.0,9.0,1.0,3.0,8.0,11.0,6.0,4.0,2.0,4.0,4.0,36.0,12.0,0.857,0.857,0.857,0.875,15.0,33.4,18.3,43.1,11.6,5.9,33.3,33.6,169.0,121.0,GSW,129,0,1,240.0,240.0,44.0,86.0,0.512,17.0,41.0,0.415,23.0,31.0,0.742,7.0,47.0,54.0,27.0,4.0,6.0,24.0,21.0,128.0,,0.642,0.61,0.477,0.36,18.4,82.5,56.8,61.4,3.5,10.5,19.4,100.0,111.1,111.9,,,11.0,23.0,0.889,4.0,12.0,0.75,7.0,9.0,1.0,4.0,9.0,13.0,5.0,2.0,3.0,7.0,6.0,33.0,13.0,1.042,1.125,1.0,1.0,16.1,34.6,20.9,27.0,2.4,9.6,46.6,37.9,150.0,119.0,CHI,128,1,2021,2020-12-27,True
73,240.0,240.0,44.0,86.0,0.512,17.0,41.0,0.415,23.0,31.0,0.742,7.0,47.0,54.0,27.0,4.0,6.0,24.0,21.0,128.0,,0.642,0.61,0.477,0.36,18.4,82.5,56.8,61.4,3.5,10.5,19.4,100.0,111.1,111.9,,,11.0,23.0,0.889,4.0,12.0,0.75,7.0,9.0,1.0,4.0,9.0,13.0,5.0,2.0,3.0,7.0,6.0,33.0,13.0,1.042,1.125,1.0,1.0,16.1,34.6,20.9,27.0,2.4,9.6,46.6,37.9,150.0,119.0,CHI,128,1,0,240.0,240.0,42.0,104.0,0.404,18.0,47.0,0.383,27.0,30.0,0.9,10.0,31.0,41.0,25.0,17.0,4.0,12.0,23.0,129.0,,0.55,0.49,0.452,0.288,17.5,81.6,43.2,59.5,14.8,8.9,9.3,100.0,111.9,111.1,,,11.0,25.0,0.667,5.0,15.0,1.0,9.0,9.0,1.0,3.0,8.0,11.0,6.0,4.0,2.0,4.0,4.0,36.0,12.0,0.857,0.857,0.857,0.875,15.0,33.4,18.3,43.1,11.6,5.9,33.3,33.6,169.0,121.0,GSW,129,0,2021,2020-12-27,False
74,240.0,240.0,46.0,94.0,0.489,14.0,35.0,0.4,10.0,11.0,0.909,8.0,36.0,44.0,34.0,6.0,3.0,9.0,20.0,116.0,,0.587,0.564,0.372,0.117,18.2,92.3,53.0,73.9,6.1,5.7,8.3,100.0,118.5,102.2,,,9.0,19.0,0.778,4.0,8.0,0.75,4.0,4.0,1.0,3.0,12.0,15.0,12.0,2.0,1.0,4.0,6.0,22.0,26.0,1.014,1.0,0.75,0.444,94.9,50.4,50.3,54.3,5.0,4.8,16.7,38.7,230.0,108.0,PHO,116,0,1,240.0,240.0,36.0,76.0,0.474,10.0,23.0,0.435,18.0,25.0,0.72,3.0,36.0,39.0,21.0,5.0,4.0,15.0,23.0,100.0,,0.575,0.539,0.303,0.329,7.7,81.8,47.0,58.3,5.1,6.8,14.7,100.0,102.2,118.5,,,6.0,16.0,1.0,3.0,9.0,1.0,4.0,6.0,1.0,2.0,9.0,11.0,6.0,2.0,2.0,5.0,5.0,17.0,5.0,1.0,1.0,0.571,1.0,9.9,39.5,25.6,48.2,3.9,15.6,50.0,66.0,228.0,125.0,SAC,100,1,2021,2020-12-27,True
75,240.0,240.0,36.0,76.0,0.474,10.0,23.0,0.435,18.0,25.0,0.72,3.0,36.0,39.0,21.0,5.0,4.0,15.0,23.0,100.0,,0.575,0.539,0.303,0.329,7.7,81.8,47.0,58.3,5.1,6.8,14.7,100.0,102.2,118.5,,,6.0,16.0,1.0,3.0,9.0,1.0,4.0,6.0,1.0,2.0,9.0,11.0,6.0,2.0,2.0,5.0,5.0,17.0,5.0,1.0,1.0,0.571,1.0,9.9,39.5,25.6,48.2,3.9,15.6,50.0,66.0,228.0,125.0,SAC,100,1,0,240.0,240.0,46.0,94.0,0.489,14.0,35.0,0.4,10.0,11.0,0.909,8.0,36.0,44.0,34.0,6.0,3.0,9.0,20.0,116.0,,0.587,0.564,0.372,0.117,18.2,92.3,53.0,73.9,6.1,5.7,8.3,100.0,118.5,102.2,,,9.0,19.0,0.778,4.0,8.0,0.75,4.0,4.0,1.0,3.0,12.0,15.0,12.0,2.0,1.0,4.0,6.0,22.0,26.0,1.014,1.0,0.75,0.444,94.9,50.4,50.3,54.3,5.0,4.8,16.7,38.7,230.0,108.0,PHO,116,0,2021,2020-12-27,False
76,240.0,240.0,38.0,103.0,0.369,6.0,35.0,0.171,9.0,14.0,0.643,17.0,31.0,48.0,24.0,11.0,6.0,17.0,24.0,91.0,,0.417,0.398,0.34,0.136,29.3,86.1,51.1,63.2,10.3,10.9,13.5,100.0,85.3,119.0,,,6.0,21.0,0.667,2.0,9.0,0.667,2.0,4.0,1.0,7.0,5.0,7.0,6.0,3.0,1.0,7.0,5.0,15.0,1.0,1.0,1.0,1.0,1.333,46.2,43.1,28.5,49.0,11.7,11.4,50.0,30.5,179.0,127.0,MIN,91,0,1,240.0,240.0,50.0,90.0,0.556,13.0,35.0,0.371,14.0,18.0,0.778,5.0,41.0,46.0,32.0,6.0,14.0,17.0,19.0,127.0,,0.648,0.628,0.389,0.2,13.9,70.7,48.9,64.0,5.6,20.6,14.8,100.0,119.0,85.3,,,8.0,13.0,1.0,4.0,6.0,1.0,5.0,7.0,1.0,2.0,9.0,9.0,8.0,2.0,4.0,4.0,3.0,20.0,38.0,1.5,1.5,1.0,1.0,17.4,43.2,26.6,45.7,4.3,18.4,50.0,32.0,300.0,93.0,LAL,127,1,2021,2020-12-27,True
77,240.0,240.0,50.0,90.0,0.556,13.0,35.0,0.371,14.0,18.0,0.778,5.0,41.0,46.0,32.0,6.0,14.0,17.0,19.0,127.0,,0.648,0.628,0.389,0.2,13.9,70.7,48.9,64.0,5.6,20.6,14.8,100.0,119.0,85.3,,,8.0,13.0,1.0,4.0,6.0,1.0,5.0,7.0,1.0,2.0,9.0,9.0,8.0,2.0,4.0,4.0,3.0,20.0,38.0,1.5,1.5,1.0,1.0,17.4,43.2,26.6,45.7,4.3,18.4,50.0,32.0,300.0,93.0,LAL,127,1,0,240.0,240.0,38.0,103.0,0.369,6.0,35.0,0.171,9.0,14.0,0.643,17.0,31.0,48.0,24.0,11.0,6.0,17.0,24.0,91.0,,0.417,0.398,0.34,0.136,29.3,86.1,51.1,63.2,10.3,10.9,13.5,100.0,85.3,119.0,,,6.0,21.0,0.667,2.0,9.0,0.667,2.0,4.0,1.0,7.0,5.0,7.0,6.0,3.0,1.0,7.0,5.0,15.0,1.0,1.0,1.0,1.0,1.333,46.2,43.1,28.5,49.0,11.7,11.4,50.0,30.5,179.0,127.0,MIN,91,0,2021,2020-12-27,False
78,265.0,265.0,42.0,98.0,0.429,10.0,29.0,0.345,22.0,29.0,0.759,16.0,40.0,56.0,20.0,10.0,4.0,19.0,17.0,116.0,,0.524,0.48,0.296,0.296,30.2,75.5,52.8,47.6,9.1,6.9,14.6,100.0,106.0,101.5,,,9.0,19.0,0.545,4.0,8.0,1.0,6.0,8.0,1.0,4.0,14.0,14.0,4.0,3.0,3.0,5.0,5.0,28.0,15.0,0.682,0.647,0.833,0.8,14.4,35.8,18.0,37.6,4.1,7.0,32.5,39.9,133.0,110.0,MEM,10,0,1,265.0,265.0,41.0,100.0,0.41,14.0,42.0,0.333,15.0,17.0,0.882,13.0,37.0,50.0,28.0,13.0,6.0,17.0,20.0,111.0,,0.516,0.48,0.42,0.17,24.5,69.8,47.2,68.3,11.9,8.7,13.7,100.0,101.5,106.0,,,12.0,29.0,1.0,3.0,10.0,0.5,4.0,4.0,1.0,5.0,10.0,15.0,11.0,5.0,4.0,4.0,5.0,28.0,7.0,1.0,1.0,0.667,0.5,22.3,44.7,33.5,62.7,6.3,10.3,66.7,36.7,135.0,116.0,BRK,5,1,2021,2020-12-28,False
79,265.0,265.0,41.0,100.0,0.41,14.0,42.0,0.333,15.0,17.0,0.882,13.0,37.0,50.0,28.0,13.0,6.0,17.0,20.0,111.0,,0.516,0.48,0.42,0.17,24.5,69.8,47.2,68.3,11.9,8.7,13.7,100.0,101.5,106.0,,,12.0,29.0,1.0,3.0,10.0,0.5,4.0,4.0,1.0,5.0,10.0,15.0,11.0,5.0,4.0,4.0,5.0,28.0,7.0,1.0,1.0,0.667,0.5,22.3,44.7,33.5,62.7,6.3,10.3,66.7,36.7,135.0,116.0,BRK,5,1,0,265.0,265.0,42.0,98.0,0.429,10.0,29.0,0.345,22.0,29.0,0.759,16.0,40.0,56.0,20.0,10.0,4.0,19.0,17.0,116.0,,0.524,0.48,0.296,0.296,30.2,75.5,52.8,47.6,9.1,6.9,14.6,100.0,106.0,101.5,,,9.0,19.0,0.545,4.0,8.0,1.0,6.0,8.0,1.0,4.0,14.0,14.0,4.0,3.0,3.0,5.0,5.0,28.0,15.0,0.682,0.647,0.833,0.8,14.4,35.8,18.0,37.6,4.1,7.0,32.5,39.9,133.0,110.0,MEM,10,0,2021,2020-12-28,True
80,240.0,240.0,43.0,98.0,0.439,13.0,41.0,0.317,21.0,24.0,0.875,17.0,31.0,48.0,24.0,7.0,4.0,8.0,25.0,120.0,,0.553,0.505,0.418,0.245,31.5,79.5,51.6,55.8,7.2,10.0,6.9,100.0,122.7,130.8,,,11.0,20.0,1.0,3.0,8.0,0.5,7.0,8.0,1.0,5.0,7.0,12.0,8.0,3.0,2.0,2.0,4.0,27.0,4.0,1.014,1.0,0.7,0.889,30.8,25.7,28.6,35.8,4.7,11.0,20.0,32.0,186.0,139.0,DET,120,0,1,240.0,240.0,40.0,82.0,0.488,20.0,42.0,0.476,28.0,32.0,0.875,8.0,37.0,45.0,30.0,5.0,7.0,13.0,22.0,128.0,,0.666,0.61,0.512,0.39,20.5,68.5,48.4,75.0,5.1,12.3,11.9,100.0,130.8,122.7,,,6.0,13.0,1.0,5.0,8.0,1.0,15.0,15.0,1.0,2.0,7.0,9.0,8.0,3.0,2.0,3.0,5.0,29.0,18.0,1.025,1.0,1.0,1.154,12.4,33.4,24.3,100.0,5.6,8.5,29.1,30.2,178.0,130.0,ATL,128,1,2021,2020-12-28,False
81,240.0,240.0,40.0,82.0,0.488,20.0,42.0,0.476,28.0,32.0,0.875,8.0,37.0,45.0,30.0,5.0,7.0,13.0,22.0,128.0,,0.666,0.61,0.512,0.39,20.5,68.5,48.4,75.0,5.1,12.3,11.9,100.0,130.8,122.7,,,6.0,13.0,1.0,5.0,8.0,1.0,15.0,15.0,1.0,2.0,7.0,9.0,8.0,3.0,2.0,3.0,5.0,29.0,18.0,1.025,1.0,1.0,1.154,12.4,33.4,24.3,100.0,5.6,8.5,29.1,30.2,178.0,130.0,ATL,128,1,0,240.0,240.0,43.0,98.0,0.439,13.0,41.0,0.317,21.0,24.0,0.875,17.0,31.0,48.0,24.0,7.0,4.0,8.0,25.0,120.0,,0.553,0.505,0.418,0.245,31.5,79.5,51.6,55.8,7.2,10.0,6.9,100.0,122.7,130.8,,,11.0,20.0,1.0,3.0,8.0,0.5,7.0,8.0,1.0,5.0,7.0,12.0,8.0,3.0,2.0,2.0,4.0,27.0,4.0,1.014,1.0,0.7,0.889,30.8,25.7,28.6,35.8,4.7,11.0,20.0,32.0,186.0,139.0,DET,120,0,2021,2020-12-28,True
82,240.0,240.0,43.0,86.0,0.5,13.0,36.0,0.361,11.0,14.0,0.786,8.0,35.0,43.0,24.0,9.0,6.0,16.0,19.0,110.0,,0.597,0.576,0.419,0.163,21.1,83.3,53.8,55.8,9.1,12.5,14.8,100.0,110.9,109.9,,,8.0,23.0,1.0,5.0,10.0,1.0,4.0,4.0,1.0,3.0,10.0,10.0,9.0,2.0,4.0,3.0,4.0,23.0,5.0,1.16,1.333,1.0,0.667,11.7,31.0,18.5,42.9,4.3,10.9,42.9,35.4,142.0,119.0,UTA,110,0,1,240.0,240.0,40.0,86.0,0.465,15.0,38.0,0.395,14.0,19.0,0.737,7.0,30.0,37.0,21.0,9.0,5.0,15.0,16.0,109.0,,0.578,0.552,0.442,0.221,16.7,78.9,46.3,52.5,9.1,10.0,13.7,100.0,109.9,110.9,,,9.0,21.0,1.0,5.0,7.0,1.0,4.0,5.0,1.0,3.0,11.0,11.0,7.0,3.0,1.0,4.0,4.0,26.0,7.0,1.042,1.25,0.778,1.0,13.7,41.7,19.8,32.8,4.6,6.7,51.0,32.3,152.0,120.0,OKC,109,1,2021,2020-12-28,True
83,240.0,240.0,40.0,86.0,0.465,15.0,38.0,0.395,14.0,19.0,0.737,7.0,30.0,37.0,21.0,9.0,5.0,15.0,16.0,109.0,,0.578,0.552,0.442,0.221,16.7,78.9,46.3,52.5,9.1,10.0,13.7,100.0,109.9,110.9,,,9.0,21.0,1.0,5.0,7.0,1.0,4.0,5.0,1.0,3.0,11.0,11.0,7.0,3.0,1.0,4.0,4.0,26.0,7.0,1.042,1.25,0.778,1.0,13.7,41.7,19.8,32.8,4.6,6.7,51.0,32.3,152.0,120.0,OKC,109,1,0,240.0,240.0,43.0,86.0,0.5,13.0,36.0,0.361,11.0,14.0,0.786,8.0,35.0,43.0,24.0,9.0,6.0,16.0,19.0,110.0,,0.597,0.576,0.419,0.163,21.1,83.3,53.8,55.8,9.1,12.5,14.8,100.0,110.9,109.9,,,8.0,23.0,1.0,5.0,10.0,1.0,4.0,4.0,1.0,3.0,10.0,10.0,9.0,2.0,4.0,3.0,4.0,23.0,5.0,1.16,1.333,1.0,0.667,11.7,31.0,18.5,42.9,4.3,10.9,42.9,35.4,142.0,119.0,UTA,110,0,2021,2020-12-28,False
84,240.0,240.0,39.0,86.0,0.453,16.0,39.0,0.41,17.0,23.0,0.739,5.0,33.0,38.0,25.0,8.0,3.0,15.0,25.0,111.0,,0.577,0.547,0.453,0.267,10.9,75.0,42.2,64.1,7.7,5.4,13.5,100.0,107.0,119.5,,,10.0,20.0,0.75,5.0,9.0,0.8,9.0,9.0,1.0,2.0,6.0,7.0,8.0,2.0,2.0,5.0,5.0,34.0,12.0,1.125,1.125,1.0,1.667,8.2,27.9,16.4,51.3,3.4,4.7,33.3,38.0,214.0,125.0,HOU,111,0,1,240.0,240.0,46.0,87.0,0.529,14.0,31.0,0.452,18.0,32.0,0.563,11.0,41.0,52.0,31.0,8.0,7.0,14.0,18.0,124.0,,0.613,0.609,0.356,0.368,25.0,89.1,57.8,67.4,7.7,14.9,12.2,100.0,119.5,107.0,,,8.0,14.0,1.0,4.0,6.0,1.0,4.0,7.0,1.0,4.0,9.0,12.0,18.0,3.0,1.0,3.0,4.0,21.0,25.0,1.019,1.063,1.0,4.0,22.6,39.7,22.1,72.9,4.8,19.8,50.0,28.9,200.0,115.0,DEN,124,1,2021,2020-12-28,False
85,240.0,240.0,46.0,87.0,0.529,14.0,31.0,0.452,18.0,32.0,0.563,11.0,41.0,52.0,31.0,8.0,7.0,14.0,18.0,124.0,,0.613,0.609,0.356,0.368,25.0,89.1,57.8,67.4,7.7,14.9,12.2,100.0,119.5,107.0,,,8.0,14.0,1.0,4.0,6.0,1.0,4.0,7.0,1.0,4.0,9.0,12.0,18.0,3.0,1.0,3.0,4.0,21.0,25.0,1.019,1.063,1.0,4.0,22.6,39.7,22.1,72.9,4.8,19.8,50.0,28.9,200.0,115.0,DEN,124,1,0,240.0,240.0,39.0,86.0,0.453,16.0,39.0,0.41,17.0,23.0,0.739,5.0,33.0,38.0,25.0,8.0,3.0,15.0,25.0,111.0,,0.577,0.547,0.453,0.267,10.9,75.0,42.2,64.1,7.7,5.4,13.5,100.0,107.0,119.5,,,10.0,20.0,0.75,5.0,9.0,0.8,9.0,9.0,1.0,2.0,6.0,7.0,8.0,2.0,2.0,5.0,5.0,34.0,12.0,1.125,1.125,1.0,1.667,8.2,27.9,16.4,51.3,3.4,4.7,33.3,38.0,214.0,125.0,HOU,111,0,2021,2020-12-28,True
86,240.0,240.0,43.0,92.0,0.467,16.0,46.0,0.348,13.0,15.0,0.867,7.0,38.0,45.0,27.0,9.0,6.0,9.0,16.0,115.0,,0.583,0.554,0.5,0.163,16.7,86.4,52.3,62.8,9.0,10.0,8.4,100.0,115.1,107.1,,,10.0,22.0,0.714,7.0,11.0,0.636,6.0,6.0,1.0,3.0,11.0,14.0,11.0,3.0,3.0,5.0,4.0,31.0,15.0,0.941,0.964,0.786,0.444,15.5,54.3,35.4,42.2,3.9,6.5,21.2,30.6,237.0,115.0,POR,115,0,1,240.0,240.0,41.0,87.0,0.471,10.0,27.0,0.37,15.0,18.0,0.833,6.0,35.0,41.0,20.0,6.0,5.0,14.0,14.0,107.0,,0.564,0.529,0.31,0.207,13.6,83.3,47.7,48.8,6.0,10.9,12.9,100.0,107.1,115.1,,,11.0,20.0,0.6,4.0,8.0,0.8,7.0,7.0,1.0,2.0,9.0,10.0,6.0,2.0,2.0,3.0,3.0,29.0,14.0,0.778,0.778,0.889,0.6,8.0,35.4,20.2,30.5,5.0,15.5,25.0,30.9,136.0,123.0,LAL,107,1,2021,2020-12-28,True
87,240.0,240.0,41.0,87.0,0.471,10.0,27.0,0.37,15.0,18.0,0.833,6.0,35.0,41.0,20.0,6.0,5.0,14.0,14.0,107.0,,0.564,0.529,0.31,0.207,13.6,83.3,47.7,48.8,6.0,10.9,12.9,100.0,107.1,115.1,,,11.0,20.0,0.6,4.0,8.0,0.8,7.0,7.0,1.0,2.0,9.0,10.0,6.0,2.0,2.0,3.0,3.0,29.0,14.0,0.778,0.778,0.889,0.6,8.0,35.4,20.2,30.5,5.0,15.5,25.0,30.9,136.0,123.0,LAL,107,1,0,240.0,240.0,43.0,92.0,0.467,16.0,46.0,0.348,13.0,15.0,0.867,7.0,38.0,45.0,27.0,9.0,6.0,9.0,16.0,115.0,,0.583,0.554,0.5,0.163,16.7,86.4,52.3,62.8,9.0,10.0,8.4,100.0,115.1,107.1,,,10.0,22.0,0.714,7.0,11.0,0.636,6.0,6.0,1.0,3.0,11.0,14.0,11.0,3.0,3.0,5.0,4.0,31.0,15.0,0.941,0.964,0.786,0.444,15.5,54.3,35.4,42.2,3.9,6.5,21.2,30.6,237.0,115.0,POR,115,0,2021,2020-12-28,False
88,240.0,240.0,34.0,79.0,0.43,14.0,25.0,0.56,13.0,21.0,0.619,14.0,41.0,55.0,23.0,9.0,6.0,25.0,21.0,95.0,,0.538,0.519,0.316,0.266,32.6,74.5,56.1,67.6,9.4,10.7,22.1,100.0,99.3,89.9,,,9.0,16.0,0.667,5.0,9.0,1.0,6.0,10.0,1.0,4.0,11.0,12.0,11.0,2.0,3.0,9.0,4.0,28.0,14.0,1.0,1.0,0.692,0.667,20.4,21.7,20.9,49.4,6.2,15.6,43.6,28.2,121.0,99.0,NYK,95,0,1,240.0,240.0,32.0,88.0,0.364,7.0,32.0,0.219,15.0,22.0,0.682,14.0,29.0,43.0,22.0,13.0,10.0,13.0,17.0,86.0,,0.44,0.403,0.364,0.25,25.5,67.4,43.9,68.8,13.6,18.5,11.7,100.0,89.9,99.3,,,7.0,18.0,0.714,3.0,8.0,1.0,7.0,10.0,1.0,5.0,12.0,17.0,6.0,4.0,6.0,4.0,5.0,20.0,1.0,0.786,0.786,0.8,0.769,26.8,40.0,27.0,32.1,19.8,15.9,100.0,27.7,118.0,113.0,CLE,86,1,2021,2020-12-29,True
89,240.0,240.0,32.0,88.0,0.364,7.0,32.0,0.219,15.0,22.0,0.682,14.0,29.0,43.0,22.0,13.0,10.0,13.0,17.0,86.0,,0.44,0.403,0.364,0.25,25.5,67.4,43.9,68.8,13.6,18.5,11.7,100.0,89.9,99.3,,,7.0,18.0,0.714,3.0,8.0,1.0,7.0,10.0,1.0,5.0,12.0,17.0,6.0,4.0,6.0,4.0,5.0,20.0,1.0,0.786,0.786,0.8,0.769,26.8,40.0,27.0,32.1,19.8,15.9,100.0,27.7,118.0,113.0,CLE,86,1,0,240.0,240.0,34.0,79.0,0.43,14.0,25.0,0.56,13.0,21.0,0.619,14.0,41.0,55.0,23.0,9.0,6.0,25.0,21.0,95.0,,0.538,0.519,0.316,0.266,32.6,74.5,56.1,67.6,9.4,10.7,22.1,100.0,99.3,89.9,,,9.0,16.0,0.667,5.0,9.0,1.0,6.0,10.0,1.0,4.0,11.0,12.0,11.0,2.0,3.0,9.0,4.0,28.0,14.0,1.0,1.0,0.692,0.667,20.4,21.7,20.9,49.4,6.2,15.6,43.6,28.2,121.0,99.0,NYK,95,0,2021,2020-12-29,False
90,240.0,240.0,38.0,76.0,0.5,14.0,33.0,0.424,26.0,36.0,0.722,4.0,36.0,40.0,21.0,8.0,8.0,19.0,28.0,116.0,,0.632,0.592,0.434,0.474,12.1,69.2,47.1,55.3,7.8,14.0,17.1,100.0,113.6,103.8,,,9.0,19.0,1.0,5.0,9.0,1.0,8.0,8.0,1.0,1.0,6.0,7.0,6.0,2.0,3.0,8.0,6.0,31.0,23.0,1.0,1.25,1.0,4.0,15.2,21.2,15.6,32.3,3.2,7.7,51.0,35.5,158.0,117.0,GSW,116,0,1,240.0,240.0,35.0,92.0,0.38,13.0,35.0,0.371,23.0,29.0,0.793,16.0,29.0,45.0,21.0,8.0,6.0,15.0,26.0,106.0,,0.506,0.451,0.38,0.315,30.8,87.9,52.9,60.0,7.8,14.0,12.5,100.0,103.8,113.6,,,9.0,21.0,0.667,3.0,9.0,1.0,6.0,8.0,1.0,5.0,5.0,10.0,7.0,3.0,2.0,4.0,5.0,27.0,10.0,1.031,1.0,1.0,1.0,18.6,42.8,22.8,52.7,3.9,9.6,33.3,31.7,218.0,121.0,DET,106,1,2021,2020-12-29,True
91,240.0,240.0,35.0,92.0,0.38,13.0,35.0,0.371,23.0,29.0,0.793,16.0,29.0,45.0,21.0,8.0,6.0,15.0,26.0,106.0,,0.506,0.451,0.38,0.315,30.8,87.9,52.9,60.0,7.8,14.0,12.5,100.0,103.8,113.6,,,9.0,21.0,0.667,3.0,9.0,1.0,6.0,8.0,1.0,5.0,5.0,10.0,7.0,3.0,2.0,4.0,5.0,27.0,10.0,1.031,1.0,1.0,1.0,18.6,42.8,22.8,52.7,3.9,9.6,33.3,31.7,218.0,121.0,DET,106,1,0,240.0,240.0,38.0,76.0,0.5,14.0,33.0,0.424,26.0,36.0,0.722,4.0,36.0,40.0,21.0,8.0,8.0,19.0,28.0,116.0,,0.632,0.592,0.434,0.474,12.1,69.2,47.1,55.3,7.8,14.0,17.1,100.0,113.6,103.8,,,9.0,19.0,1.0,5.0,9.0,1.0,8.0,8.0,1.0,1.0,6.0,7.0,6.0,2.0,3.0,8.0,6.0,31.0,23.0,1.0,1.25,1.0,4.0,15.2,21.2,15.6,32.3,3.2,7.7,51.0,35.5,158.0,117.0,GSW,116,0,2021,2020-12-29,False
92,240.0,240.0,40.0,80.0,0.5,9.0,22.0,0.409,27.0,37.0,0.73,12.0,31.0,43.0,21.0,10.0,3.0,14.0,16.0,116.0,,0.602,0.556,0.275,0.463,27.3,88.6,54.4,52.5,10.2,5.9,12.7,100.0,118.1,113.0,,,9.0,17.0,1.0,3.0,6.0,1.0,8.0,10.0,1.0,7.0,11.0,11.0,5.0,4.0,1.0,4.0,4.0,27.0,19.0,1.5,1.5,1.0,1.0,28.5,50.8,28.1,26.8,5.7,4.9,50.0,27.3,165.0,120.0,BOS,116,0,1,240.0,240.0,43.0,84.0,0.512,12.0,33.0,0.364,13.0,16.0,0.813,4.0,32.0,36.0,27.0,9.0,5.0,14.0,25.0,111.0,,0.61,0.583,0.393,0.19,11.4,72.7,45.6,62.8,9.2,8.6,13.3,100.0,113.0,118.1,,,10.0,18.0,1.0,3.0,9.0,1.0,3.0,4.0,1.0,2.0,9.0,11.0,8.0,4.0,3.0,2.0,6.0,24.0,9.0,1.0,1.0,0.667,0.444,10.2,32.5,22.6,29.2,7.6,7.8,66.7,27.7,170.0,126.0,IND,111,1,2021,2020-12-29,True
93,240.0,240.0,43.0,84.0,0.512,12.0,33.0,0.364,13.0,16.0,0.813,4.0,32.0,36.0,27.0,9.0,5.0,14.0,25.0,111.0,,0.61,0.583,0.393,0.19,11.4,72.7,45.6,62.8,9.2,8.6,13.3,100.0,113.0,118.1,,,10.0,18.0,1.0,3.0,9.0,1.0,3.0,4.0,1.0,2.0,9.0,11.0,8.0,4.0,3.0,2.0,6.0,24.0,9.0,1.0,1.0,0.667,0.444,10.2,32.5,22.6,29.2,7.6,7.8,66.7,27.7,170.0,126.0,IND,111,1,0,240.0,240.0,40.0,80.0,0.5,9.0,22.0,0.409,27.0,37.0,0.73,12.0,31.0,43.0,21.0,10.0,3.0,14.0,16.0,116.0,,0.602,0.556,0.275,0.463,27.3,88.6,54.4,52.5,10.2,5.9,12.7,100.0,118.1,113.0,,,9.0,17.0,1.0,3.0,6.0,1.0,8.0,10.0,1.0,7.0,11.0,11.0,5.0,4.0,1.0,4.0,4.0,27.0,19.0,1.5,1.5,1.0,1.0,28.5,50.8,28.1,26.8,5.7,4.9,50.0,27.3,165.0,120.0,BOS,116,0,2021,2020-12-29,False
94,240.0,240.0,38.0,87.0,0.437,15.0,36.0,0.417,24.0,32.0,0.75,5.0,32.0,37.0,26.0,7.0,1.0,14.0,23.0,115.0,,0.569,0.523,0.414,0.368,11.4,80.0,44.0,68.4,6.6,2.1,12.2,100.0,108.9,101.3,,,6.0,15.0,0.625,3.0,7.0,0.667,8.0,9.0,1.0,2.0,12.0,12.0,6.0,4.0,1.0,3.0,5.0,23.0,14.0,0.714,0.714,0.7,4.0,5.7,56.1,26.7,50.4,4.7,15.7,22.2,32.5,123.0,109.0,CHI,115,0,1,240.0,240.0,37.0,84.0,0.44,10.0,37.0,0.27,23.0,26.0,0.885,8.0,39.0,47.0,25.0,6.0,6.0,19.0,28.0,107.0,,0.561,0.5,0.44,0.31,20.0,88.6,56.0,67.6,5.7,11.8,16.6,100.0,101.3,108.9,,,9.0,20.0,1.0,3.0,9.0,1.0,10.0,10.0,1.0,3.0,15.0,15.0,11.0,2.0,2.0,6.0,5.0,29.0,6.0,1.5,1.5,1.0,0.9,10.7,43.4,25.3,54.8,3.5,8.9,50.0,33.8,300.0,116.0,WAS,107,1,2021,2020-12-29,True
95,240.0,240.0,37.0,84.0,0.44,10.0,37.0,0.27,23.0,26.0,0.885,8.0,39.0,47.0,25.0,6.0,6.0,19.0,28.0,107.0,,0.561,0.5,0.44,0.31,20.0,88.6,56.0,67.6,5.7,11.8,16.6,100.0,101.3,108.9,,,9.0,20.0,1.0,3.0,9.0,1.0,10.0,10.0,1.0,3.0,15.0,15.0,11.0,2.0,2.0,6.0,5.0,29.0,6.0,1.5,1.5,1.0,0.9,10.7,43.4,25.3,54.8,3.5,8.9,50.0,33.8,300.0,116.0,WAS,107,1,0,240.0,240.0,38.0,87.0,0.437,15.0,36.0,0.417,24.0,32.0,0.75,5.0,32.0,37.0,26.0,7.0,1.0,14.0,23.0,115.0,,0.569,0.523,0.414,0.368,11.4,80.0,44.0,68.4,6.6,2.1,12.2,100.0,108.9,101.3,,,6.0,15.0,0.625,3.0,7.0,0.667,8.0,9.0,1.0,2.0,12.0,12.0,6.0,4.0,1.0,3.0,5.0,23.0,14.0,0.714,0.714,0.7,4.0,5.7,56.1,26.7,50.4,4.7,15.7,22.2,32.5,123.0,109.0,CHI,115,0,2021,2020-12-29,False
96,240.0,240.0,32.0,90.0,0.356,17.0,45.0,0.378,12.0,14.0,0.857,10.0,37.0,47.0,21.0,12.0,7.0,19.0,28.0,93.0,,0.484,0.45,0.5,0.156,18.2,80.4,46.5,65.6,11.6,13.2,16.5,100.0,89.6,96.3,,,8.0,23.0,1.0,4.0,9.0,0.571,9.0,9.0,1.0,2.0,6.0,8.0,9.0,5.0,2.0,4.0,6.0,24.0,12.0,0.842,1.0,0.667,2.0,8.0,28.8,17.5,47.8,6.4,5.1,68.0,30.0,152.0,108.0,TOR,93,0,1,240.0,240.0,32.0,84.0,0.381,8.0,31.0,0.258,28.0,33.0,0.848,9.0,45.0,54.0,21.0,10.0,10.0,18.0,15.0,100.0,,0.508,0.429,0.369,0.393,19.6,81.8,53.5,65.6,9.6,22.2,15.4,100.0,96.3,89.6,,,11.0,20.0,0.55,3.0,6.0,0.5,14.0,16.0,1.0,4.0,13.0,16.0,7.0,2.0,2.0,5.0,4.0,29.0,21.0,0.666,0.6,0.667,0.941,11.0,30.9,20.1,32.5,3.6,10.5,100.0,31.6,116.0,104.0,PHI,100,1,2021,2020-12-29,True
97,240.0,240.0,32.0,84.0,0.381,8.0,31.0,0.258,28.0,33.0,0.848,9.0,45.0,54.0,21.0,10.0,10.0,18.0,15.0,100.0,,0.508,0.429,0.369,0.393,19.6,81.8,53.5,65.6,9.6,22.2,15.4,100.0,96.3,89.6,,,11.0,20.0,0.55,3.0,6.0,0.5,14.0,16.0,1.0,4.0,13.0,16.0,7.0,2.0,2.0,5.0,4.0,29.0,21.0,0.666,0.6,0.667,0.941,11.0,30.9,20.1,32.5,3.6,10.5,100.0,31.6,116.0,104.0,PHI,100,1,0,240.0,240.0,32.0,90.0,0.356,17.0,45.0,0.378,12.0,14.0,0.857,10.0,37.0,47.0,21.0,12.0,7.0,19.0,28.0,93.0,,0.484,0.45,0.5,0.156,18.2,80.4,46.5,65.6,11.6,13.2,16.5,100.0,89.6,96.3,,,8.0,23.0,1.0,4.0,9.0,0.571,9.0,9.0,1.0,2.0,6.0,8.0,9.0,5.0,2.0,4.0,6.0,24.0,12.0,0.842,1.0,0.667,2.0,8.0,28.8,17.5,47.8,6.4,5.1,68.0,30.0,152.0,108.0,TOR,93,0,2021,2020-12-29,False
98,240.0,240.0,51.0,92.0,0.554,29.0,51.0,0.569,13.0,15.0,0.867,10.0,35.0,45.0,32.0,14.0,2.0,17.0,22.0,144.0,,0.73,0.712,0.554,0.163,27.0,92.1,60.0,62.7,13.5,4.8,14.7,100.0,139.3,93.8,,,10.0,15.0,1.0,6.0,10.0,1.0,3.0,5.0,1.0,3.0,6.0,9.0,7.0,3.0,1.0,5.0,4.0,25.0,28.0,1.5,1.5,1.0,0.6,18.8,31.3,21.9,37.2,5.7,9.4,57.1,30.3,283.0,102.0,MIL,144,0,1,240.0,240.0,37.0,79.0,0.468,11.0,37.0,0.297,12.0,18.0,0.667,3.0,27.0,30.0,23.0,9.0,6.0,21.0,18.0,97.0,,0.558,0.538,0.468,0.228,7.9,73.0,40.0,62.2,8.7,14.6,19.5,100.0,93.8,139.3,,,9.0,17.0,0.714,4.0,8.0,0.667,2.0,4.0,1.0,1.0,6.0,6.0,7.0,2.0,2.0,5.0,3.0,23.0,0.0,1.136,0.778,1.0,0.8,5.1,63.8,31.5,42.3,3.7,21.9,66.7,35.7,133.0,149.0,MIA,97,1,2021,2020-12-29,False
99,240.0,240.0,37.0,79.0,0.468,11.0,37.0,0.297,12.0,18.0,0.667,3.0,27.0,30.0,23.0,9.0,6.0,21.0,18.0,97.0,,0.558,0.538,0.468,0.228,7.9,73.0,40.0,62.2,8.7,14.6,19.5,100.0,93.8,139.3,,,9.0,17.0,0.714,4.0,8.0,0.667,2.0,4.0,1.0,1.0,6.0,6.0,7.0,2.0,2.0,5.0,3.0,23.0,0.0,1.136,0.778,1.0,0.8,5.1,63.8,31.5,42.3,3.7,21.9,66.7,35.7,133.0,149.0,MIA,97,1,0,240.0,240.0,51.0,92.0,0.554,29.0,51.0,0.569,13.0,15.0,0.867,10.0,35.0,45.0,32.0,14.0,2.0,17.0,22.0,144.0,,0.73,0.712,0.554,0.163,27.0,92.1,60.0,62.7,13.5,4.8,14.7,100.0,139.3,93.8,,,10.0,15.0,1.0,6.0,10.0,1.0,3.0,5.0,1.0,3.0,6.0,9.0,7.0,3.0,1.0,5.0,4.0,25.0,28.0,1.5,1.5,1.0,0.6,18.8,31.3,21.9,37.2,5.7,9.4,57.1,30.3,283.0,102.0,MIL,144,0,2021,2020-12-29,True
100,240.0,240.0,49.0,96.0,0.51,7.0,22.0,0.318,13.0,16.0,0.813,12.0,34.0,46.0,26.0,12.0,2.0,11.0,23.0,118.0,,0.573,0.547,0.229,0.167,24.5,77.3,49.5,53.1,11.7,3.8,9.6,100.0,115.1,104.4,,,12.0,18.0,0.9,3.0,6.0,0.75,4.0,4.0,1.0,3.0,7.0,10.0,10.0,2.0,1.0,4.0,5.0,28.0,13.0,0.9,0.9,0.545,0.8,9.3,33.1,17.9,35.3,6.9,5.1,29.1,26.4,179.0,109.0,ORL,118,0,1,240.0,240.0,43.0,87.0,0.494,11.0,34.0,0.324,10.0,19.0,0.526,10.0,37.0,47.0,20.0,3.0,7.0,20.0,18.0,107.0,,0.561,0.557,0.391,0.218,22.7,75.5,50.5,46.5,2.9,9.5,17.3,100.0,104.4,115.1,,,9.0,14.0,0.833,3.0,8.0,1.0,4.0,5.0,1.0,4.0,7.0,8.0,7.0,2.0,2.0,5.0,4.0,23.0,5.0,1.087,1.083,1.0,0.667,15.5,26.7,18.8,32.0,4.3,6.7,50.0,53.1,181.0,122.0,OKC,107,1,2021,2020-12-29,True
101,240.0,240.0,43.0,87.0,0.494,11.0,34.0,0.324,10.0,19.0,0.526,10.0,37.0,47.0,20.0,3.0,7.0,20.0,18.0,107.0,,0.561,0.557,0.391,0.218,22.7,75.5,50.5,46.5,2.9,9.5,17.3,100.0,104.4,115.1,,,9.0,14.0,0.833,3.0,8.0,1.0,4.0,5.0,1.0,4.0,7.0,8.0,7.0,2.0,2.0,5.0,4.0,23.0,5.0,1.087,1.083,1.0,0.667,15.5,26.7,18.8,32.0,4.3,6.7,50.0,53.1,181.0,122.0,OKC,107,1,0,240.0,240.0,49.0,96.0,0.51,7.0,22.0,0.318,13.0,16.0,0.813,12.0,34.0,46.0,26.0,12.0,2.0,11.0,23.0,118.0,,0.573,0.547,0.229,0.167,24.5,77.3,49.5,53.1,11.7,3.8,9.6,100.0,115.1,104.4,,,12.0,18.0,0.9,3.0,6.0,0.75,4.0,4.0,1.0,3.0,7.0,10.0,10.0,2.0,1.0,4.0,5.0,28.0,13.0,0.9,0.9,0.545,0.8,9.3,33.1,17.9,35.3,6.9,5.1,29.1,26.4,179.0,109.0,ORL,118,0,2021,2020-12-29,False
102,240.0,240.0,37.0,77.0,0.481,3.0,24.0,0.125,9.0,18.0,0.5,7.0,34.0,41.0,18.0,8.0,3.0,16.0,14.0,86.0,,0.506,0.5,0.312,0.234,18.4,73.9,48.8,48.6,8.8,8.1,15.9,100.0,95.1,122.8,,,9.0,13.0,1.0,1.0,7.0,0.333,3.0,6.0,1.0,3.0,7.0,8.0,6.0,1.0,2.0,4.0,4.0,20.0,12.0,0.935,1.0,0.75,4.0,21.5,58.6,32.1,38.1,7.3,22.1,40.5,34.6,204.0,135.0,NOP,86,0,1,240.0,240.0,37.0,84.0,0.44,19.0,47.0,0.404,18.0,19.0,0.947,12.0,31.0,43.0,24.0,7.0,4.0,10.0,18.0,111.0,,0.601,0.554,0.56,0.226,26.1,81.6,51.2,64.9,7.7,7.5,9.8,100.0,122.8,95.1,,,6.0,13.0,0.75,5.0,10.0,0.667,4.0,4.0,1.0,5.0,7.0,12.0,9.0,2.0,2.0,3.0,3.0,21.0,31.0,1.025,1.0,1.0,1.0,34.2,35.4,25.9,56.7,4.1,14.8,100.0,31.4,169.0,103.0,PHO,111,1,2021,2020-12-29,True
103,240.0,240.0,37.0,84.0,0.44,19.0,47.0,0.404,18.0,19.0,0.947,12.0,31.0,43.0,24.0,7.0,4.0,10.0,18.0,111.0,,0.601,0.554,0.56,0.226,26.1,81.6,51.2,64.9,7.7,7.5,9.8,100.0,122.8,95.1,,,6.0,13.0,0.75,5.0,10.0,0.667,4.0,4.0,1.0,5.0,7.0,12.0,9.0,2.0,2.0,3.0,3.0,21.0,31.0,1.025,1.0,1.0,1.0,34.2,35.4,25.9,56.7,4.1,14.8,100.0,31.4,169.0,103.0,PHO,111,1,0,240.0,240.0,37.0,77.0,0.481,3.0,24.0,0.125,9.0,18.0,0.5,7.0,34.0,41.0,18.0,8.0,3.0,16.0,14.0,86.0,,0.506,0.5,0.312,0.234,18.4,73.9,48.8,48.6,8.8,8.1,15.9,100.0,95.1,122.8,,,9.0,13.0,1.0,1.0,7.0,0.333,3.0,6.0,1.0,3.0,7.0,8.0,6.0,1.0,2.0,4.0,4.0,20.0,12.0,0.935,1.0,0.75,4.0,21.5,58.6,32.1,38.1,7.3,22.1,40.5,34.6,204.0,135.0,NOP,86,0,2021,2020-12-29,False
104,240.0,240.0,44.0,81.0,0.543,11.0,28.0,0.393,16.0,20.0,0.8,7.0,32.0,39.0,27.0,7.0,5.0,19.0,18.0,115.0,,0.64,0.611,0.346,0.247,21.9,72.7,51.3,61.4,7.1,8.2,17.5,100.0,116.1,126.2,,,12.0,18.0,0.75,4.0,7.0,1.0,7.0,7.0,1.0,4.0,9.0,10.0,12.0,2.0,2.0,10.0,4.0,30.0,5.0,1.0,1.0,1.0,1.25,16.6,26.2,20.9,45.6,7.7,9.4,43.6,31.0,193.0,135.0,DEN,115,0,1,240.0,240.0,46.0,94.0,0.489,16.0,33.0,0.485,17.0,22.0,0.773,12.0,25.0,37.0,33.0,9.0,2.0,10.0,18.0,125.0,,0.603,0.574,0.351,0.234,27.3,78.1,48.7,71.7,9.1,3.8,8.8,100.0,126.2,116.1,,,10.0,16.0,0.769,3.0,7.0,0.75,6.0,7.0,1.0,5.0,7.0,8.0,9.0,3.0,1.0,2.0,3.0,24.0,20.0,0.929,0.929,0.7,0.5,17.2,35.8,24.9,35.2,5.8,2.8,22.2,26.6,150.0,123.0,SAC,125,1,2021,2020-12-29,False
105,240.0,240.0,46.0,94.0,0.489,16.0,33.0,0.485,17.0,22.0,0.773,12.0,25.0,37.0,33.0,9.0,2.0,10.0,18.0,125.0,,0.603,0.574,0.351,0.234,27.3,78.1,48.7,71.7,9.1,3.8,8.8,100.0,126.2,116.1,,,10.0,16.0,0.769,3.0,7.0,0.75,6.0,7.0,1.0,5.0,7.0,8.0,9.0,3.0,1.0,2.0,3.0,24.0,20.0,0.929,0.929,0.7,0.5,17.2,35.8,24.9,35.2,5.8,2.8,22.2,26.6,150.0,123.0,SAC,125,1,0,240.0,240.0,44.0,81.0,0.543,11.0,28.0,0.393,16.0,20.0,0.8,7.0,32.0,39.0,27.0,7.0,5.0,19.0,18.0,115.0,,0.64,0.611,0.346,0.247,21.9,72.7,51.3,61.4,7.1,8.2,17.5,100.0,116.1,126.2,,,12.0,18.0,0.75,4.0,7.0,1.0,7.0,7.0,1.0,4.0,9.0,10.0,12.0,2.0,2.0,10.0,4.0,30.0,5.0,1.0,1.0,1.0,1.25,16.6,26.2,20.9,45.6,7.7,9.4,43.6,31.0,193.0,135.0,DEN,115,0,2021,2020-12-29,True
106,240.0,240.0,37.0,89.0,0.416,13.0,38.0,0.342,14.0,17.0,0.824,11.0,28.0,39.0,22.0,7.0,6.0,14.0,15.0,101.0,,0.523,0.489,0.427,0.191,22.0,80.0,45.9,59.5,7.1,10.5,12.7,100.0,103.0,126.4,,,9.0,19.0,1.0,4.0,11.0,1.0,7.0,8.0,1.0,4.0,6.0,10.0,9.0,2.0,2.0,3.0,3.0,22.0,5.0,0.912,1.0,0.7,2.0,18.4,55.0,27.2,69.4,3.7,12.9,51.5,31.7,170.0,134.0,MIN,101,0,1,240.0,240.0,47.0,88.0,0.534,16.0,31.0,0.516,14.0,16.0,0.875,7.0,39.0,46.0,32.0,6.0,10.0,13.0,21.0,124.0,,0.652,0.625,0.352,0.182,20.0,78.0,54.1,68.1,6.1,19.6,12.0,100.0,126.4,103.0,,,7.0,12.0,1.0,4.0,6.0,0.8,5.0,6.0,1.0,2.0,8.0,8.0,5.0,4.0,3.0,4.0,3.0,20.0,26.0,1.0,1.0,0.714,0.545,19.8,35.5,24.4,39.2,7.5,15.3,33.3,34.0,212.0,111.0,LAC,124,1,2021,2020-12-29,False
107,240.0,240.0,47.0,88.0,0.534,16.0,31.0,0.516,14.0,16.0,0.875,7.0,39.0,46.0,32.0,6.0,10.0,13.0,21.0,124.0,,0.652,0.625,0.352,0.182,20.0,78.0,54.1,68.1,6.1,19.6,12.0,100.0,126.4,103.0,,,7.0,12.0,1.0,4.0,6.0,0.8,5.0,6.0,1.0,2.0,8.0,8.0,5.0,4.0,3.0,4.0,3.0,20.0,26.0,1.0,1.0,0.714,0.545,19.8,35.5,24.4,39.2,7.5,15.3,33.3,34.0,212.0,111.0,LAC,124,1,0,240.0,240.0,37.0,89.0,0.416,13.0,38.0,0.342,14.0,17.0,0.824,11.0,28.0,39.0,22.0,7.0,6.0,14.0,15.0,101.0,,0.523,0.489,0.427,0.191,22.0,80.0,45.9,59.5,7.1,10.5,12.7,100.0,103.0,126.4,,,9.0,19.0,1.0,4.0,11.0,1.0,7.0,8.0,1.0,4.0,6.0,10.0,9.0,2.0,2.0,3.0,3.0,22.0,5.0,0.912,1.0,0.7,2.0,18.4,55.0,27.2,69.4,3.7,12.9,51.5,31.7,170.0,134.0,MIN,101,0,2021,2020-12-29,True
108,240.0,240.0,40.0,102.0,0.392,16.0,41.0,0.39,12.0,13.0,0.923,16.0,31.0,47.0,26.0,14.0,6.0,13.0,25.0,108.0,,0.501,0.471,0.402,0.127,27.6,75.6,47.5,65.0,13.6,14.0,10.8,100.0,104.6,115.2,,,10.0,18.0,0.667,4.0,7.0,0.667,4.0,4.0,1.0,6.0,11.0,13.0,10.0,3.0,1.0,4.0,5.0,26.0,0.0,1.0,1.0,1.0,0.25,19.3,33.9,16.6,46.1,4.6,10.4,23.7,24.9,181.0,123.0,MIL,108,0,1,240.0,240.0,40.0,82.0,0.488,15.0,39.0,0.385,24.0,29.0,0.828,10.0,42.0,52.0,25.0,5.0,5.0,22.0,18.0,119.0,,0.628,0.579,0.476,0.354,24.4,72.4,52.5,62.5,4.8,8.2,18.8,100.0,115.2,104.6,,,9.0,17.0,0.615,4.0,7.0,0.571,8.0,10.0,1.0,3.0,14.0,15.0,10.0,2.0,2.0,4.0,4.0,26.0,16.0,0.846,0.75,1.0,0.769,29.2,29.8,20.2,44.4,5.0,6.5,60.0,36.7,140.0,116.0,MIA,119,1,2021,2020-12-30,False
109,240.0,240.0,40.0,82.0,0.488,15.0,39.0,0.385,24.0,29.0,0.828,10.0,42.0,52.0,25.0,5.0,5.0,22.0,18.0,119.0,,0.628,0.579,0.476,0.354,24.4,72.4,52.5,62.5,4.8,8.2,18.8,100.0,115.2,104.6,,,9.0,17.0,0.615,4.0,7.0,0.571,8.0,10.0,1.0,3.0,14.0,15.0,10.0,2.0,2.0,4.0,4.0,26.0,16.0,0.846,0.75,1.0,0.769,29.2,29.8,20.2,44.4,5.0,6.5,60.0,36.7,140.0,116.0,MIA,119,1,0,240.0,240.0,40.0,102.0,0.392,16.0,41.0,0.39,12.0,13.0,0.923,16.0,31.0,47.0,26.0,14.0,6.0,13.0,25.0,108.0,,0.501,0.471,0.402,0.127,27.6,75.6,47.5,65.0,13.6,14.0,10.8,100.0,104.6,115.2,,,10.0,18.0,0.667,4.0,7.0,0.667,4.0,4.0,1.0,6.0,11.0,13.0,10.0,3.0,1.0,4.0,5.0,26.0,0.0,1.0,1.0,1.0,0.25,19.3,33.9,16.6,46.1,4.6,10.4,23.7,24.9,181.0,123.0,MIL,108,0,2021,2020-12-30,True
110,240.0,240.0,47.0,99.0,0.475,18.0,46.0,0.391,29.0,35.0,0.829,17.0,37.0,54.0,27.0,5.0,2.0,12.0,19.0,141.0,,0.616,0.566,0.465,0.354,35.4,80.4,57.4,57.4,4.7,3.4,9.5,100.0,132.5,136.2,,,12.0,20.0,1.0,6.0,11.0,1.0,14.0,16.0,1.0,4.0,9.0,12.0,11.0,1.0,1.0,5.0,6.0,30.0,5.0,1.25,1.25,1.0,0.909,15.5,48.7,31.7,47.3,2.8,4.1,100.0,35.7,250.0,140.0,ATL,141,0,1,240.0,240.0,54.0,100.0,0.54,19.0,41.0,0.463,18.0,23.0,0.783,9.0,31.0,40.0,30.0,6.0,3.0,8.0,24.0,145.0,,0.658,0.635,0.41,0.23,19.6,64.6,42.6,55.6,5.6,5.7,6.8,100.0,136.2,132.5,,,11.0,27.0,1.0,6.0,11.0,1.0,9.0,9.0,1.0,5.0,10.0,13.0,9.0,2.0,1.0,4.0,5.0,33.0,11.0,1.2,1.2,0.8,1.0,21.4,32.7,27.2,34.4,3.0,6.0,17.9,34.8,241.0,140.0,BRK,145,1,2021,2020-12-30,False
111,240.0,240.0,54.0,100.0,0.54,19.0,41.0,0.463,18.0,23.0,0.783,9.0,31.0,40.0,30.0,6.0,3.0,8.0,24.0,145.0,,0.658,0.635,0.41,0.23,19.6,64.6,42.6,55.6,5.6,5.7,6.8,100.0,136.2,132.5,,,11.0,27.0,1.0,6.0,11.0,1.0,9.0,9.0,1.0,5.0,10.0,13.0,9.0,2.0,1.0,4.0,5.0,33.0,11.0,1.2,1.2,0.8,1.0,21.4,32.7,27.2,34.4,3.0,6.0,17.9,34.8,241.0,140.0,BRK,145,1,0,240.0,240.0,47.0,99.0,0.475,18.0,46.0,0.391,29.0,35.0,0.829,17.0,37.0,54.0,27.0,5.0,2.0,12.0,19.0,141.0,,0.616,0.566,0.465,0.354,35.4,80.4,57.4,57.4,4.7,3.4,9.5,100.0,132.5,136.2,,,12.0,20.0,1.0,6.0,11.0,1.0,14.0,16.0,1.0,4.0,9.0,12.0,11.0,1.0,1.0,5.0,6.0,30.0,5.0,1.25,1.25,1.0,0.909,15.5,48.7,31.7,47.3,2.8,4.1,100.0,35.7,250.0,140.0,ATL,141,0,2021,2020-12-30,True
112,240.0,240.0,40.0,93.0,0.43,9.0,33.0,0.273,18.0,25.0,0.72,14.0,32.0,46.0,26.0,8.0,3.0,22.0,13.0,107.0,,0.514,0.478,0.355,0.269,30.4,76.2,52.3,65.0,7.6,5.8,17.5,100.0,102.1,120.2,,,7.0,18.0,0.636,3.0,9.0,1.0,5.0,7.0,1.0,4.0,7.0,11.0,9.0,2.0,1.0,8.0,2.0,20.0,3.0,0.751,0.7,1.0,0.636,17.3,33.1,24.8,44.1,4.0,4.0,50.0,30.1,163.0,127.0,MEM,107,0,1,240.0,240.0,49.0,91.0,0.538,16.0,39.0,0.41,12.0,14.0,0.857,10.0,32.0,42.0,27.0,17.0,11.0,16.0,21.0,126.0,,0.648,0.626,0.429,0.154,23.8,69.6,47.7,55.1,16.2,18.3,14.1,100.0,120.2,102.1,,,15.0,21.0,1.0,7.0,10.0,0.7,5.0,6.0,1.0,4.0,6.0,10.0,4.0,4.0,4.0,4.0,4.0,42.0,29.0,1.064,1.0,0.818,2.0,20.0,27.4,23.9,36.8,14.5,26.5,51.5,40.5,147.0,116.0,BOS,126,1,2021,2020-12-30,False
113,240.0,240.0,49.0,91.0,0.538,16.0,39.0,0.41,12.0,14.0,0.857,10.0,32.0,42.0,27.0,17.0,11.0,16.0,21.0,126.0,,0.648,0.626,0.429,0.154,23.8,69.6,47.7,55.1,16.2,18.3,14.1,100.0,120.2,102.1,,,15.0,21.0,1.0,7.0,10.0,0.7,5.0,6.0,1.0,4.0,6.0,10.0,4.0,4.0,4.0,4.0,4.0,42.0,29.0,1.064,1.0,0.818,2.0,20.0,27.4,23.9,36.8,14.5,26.5,51.5,40.5,147.0,116.0,BOS,126,1,0,240.0,240.0,40.0,93.0,0.43,9.0,33.0,0.273,18.0,25.0,0.72,14.0,32.0,46.0,26.0,8.0,3.0,22.0,13.0,107.0,,0.514,0.478,0.355,0.269,30.4,76.2,52.3,65.0,7.6,5.8,17.5,100.0,102.1,120.2,,,7.0,18.0,0.636,3.0,9.0,1.0,5.0,7.0,1.0,4.0,7.0,11.0,9.0,2.0,1.0,8.0,2.0,20.0,3.0,0.751,0.7,1.0,0.636,17.3,33.1,24.8,44.1,4.0,4.0,50.0,30.1,163.0,127.0,MEM,107,0,2021,2020-12-30,True
114,240.0,240.0,43.0,84.0,0.512,15.0,34.0,0.441,17.0,21.0,0.81,12.0,38.0,50.0,30.0,6.0,6.0,23.0,28.0,118.0,,0.633,0.601,0.405,0.25,31.6,74.5,56.2,69.8,6.0,13.3,19.8,100.0,117.2,98.4,,,8.0,17.0,1.0,4.0,7.0,0.8,4.0,5.0,1.0,4.0,16.0,16.0,5.0,2.0,2.0,5.0,5.0,22.0,23.0,1.0,1.0,0.667,0.833,17.2,50.7,29.0,36.8,6.3,29.1,42.4,27.4,169.0,109.0,CHO,118,0,1,240.0,240.0,34.0,87.0,0.391,12.0,42.0,0.286,19.0,33.0,0.576,13.0,26.0,39.0,24.0,10.0,6.0,14.0,16.0,99.0,,0.488,0.46,0.483,0.379,25.5,68.4,43.8,70.6,9.9,12.0,12.1,100.0,98.4,117.2,,,7.0,13.0,1.0,4.0,6.0,1.0,5.0,7.0,1.0,4.0,5.0,6.0,5.0,2.0,2.0,3.0,4.0,18.0,10.0,1.2,1.2,1.0,2.0,15.6,34.4,17.3,42.8,5.0,9.2,100.0,44.0,144.0,127.0,DAL,99,1,2021,2020-12-30,False
115,240.0,240.0,34.0,87.0,0.391,12.0,42.0,0.286,19.0,33.0,0.576,13.0,26.0,39.0,24.0,10.0,6.0,14.0,16.0,99.0,,0.488,0.46,0.483,0.379,25.5,68.4,43.8,70.6,9.9,12.0,12.1,100.0,98.4,117.2,,,7.0,13.0,1.0,4.0,6.0,1.0,5.0,7.0,1.0,4.0,5.0,6.0,5.0,2.0,2.0,3.0,4.0,18.0,10.0,1.2,1.2,1.0,2.0,15.6,34.4,17.3,42.8,5.0,9.2,100.0,44.0,144.0,127.0,DAL,99,1,0,240.0,240.0,43.0,84.0,0.512,15.0,34.0,0.441,17.0,21.0,0.81,12.0,38.0,50.0,30.0,6.0,6.0,23.0,28.0,118.0,,0.633,0.601,0.405,0.25,31.6,74.5,56.2,69.8,6.0,13.3,19.8,100.0,117.2,98.4,,,8.0,17.0,1.0,4.0,7.0,0.8,4.0,5.0,1.0,4.0,16.0,16.0,5.0,2.0,2.0,5.0,5.0,22.0,23.0,1.0,1.0,0.667,0.833,17.2,50.7,29.0,36.8,6.3,29.1,42.4,27.4,169.0,109.0,CHO,118,0,2021,2020-12-30,True
116,240.0,240.0,46.0,82.0,0.561,14.0,26.0,0.538,15.0,20.0,0.75,7.0,40.0,47.0,25.0,4.0,3.0,17.0,24.0,121.0,,0.666,0.646,0.317,0.244,17.9,85.1,54.7,54.3,4.0,4.8,15.8,100.0,121.7,107.6,,,11.0,23.0,1.0,6.0,6.0,1.0,6.0,8.0,1.0,3.0,7.0,9.0,8.0,1.0,2.0,5.0,3.0,26.0,17.0,1.5,1.5,1.0,1.6,15.8,31.6,21.5,35.2,2.0,4.8,62.1,43.1,300.0,114.0,LAL,121,0,1,240.0,240.0,40.0,87.0,0.46,10.0,24.0,0.417,17.0,23.0,0.739,7.0,32.0,39.0,25.0,8.0,4.0,10.0,18.0,107.0,,0.551,0.517,0.276,0.264,14.9,82.1,45.3,62.5,8.0,7.1,9.3,100.0,107.6,121.7,,,12.0,19.0,0.8,2.0,7.0,1.0,8.0,10.0,1.0,3.0,7.0,7.0,7.0,2.0,2.0,4.0,5.0,29.0,-1.0,0.714,0.8,0.714,0.833,12.8,24.6,16.3,40.8,4.3,7.1,18.2,86.7,153.0,129.0,SAS,107,1,2021,2020-12-30,True
117,240.0,240.0,40.0,87.0,0.46,10.0,24.0,0.417,17.0,23.0,0.739,7.0,32.0,39.0,25.0,8.0,4.0,10.0,18.0,107.0,,0.551,0.517,0.276,0.264,14.9,82.1,45.3,62.5,8.0,7.1,9.3,100.0,107.6,121.7,,,12.0,19.0,0.8,2.0,7.0,1.0,8.0,10.0,1.0,3.0,7.0,7.0,7.0,2.0,2.0,4.0,5.0,29.0,-1.0,0.714,0.8,0.714,0.833,12.8,24.6,16.3,40.8,4.3,7.1,18.2,86.7,153.0,129.0,SAS,107,1,0,240.0,240.0,46.0,82.0,0.561,14.0,26.0,0.538,15.0,20.0,0.75,7.0,40.0,47.0,25.0,4.0,3.0,17.0,24.0,121.0,,0.666,0.646,0.317,0.244,17.9,85.1,54.7,54.3,4.0,4.8,15.8,100.0,121.7,107.6,,,11.0,23.0,1.0,6.0,6.0,1.0,6.0,8.0,1.0,3.0,7.0,9.0,8.0,1.0,2.0,5.0,3.0,26.0,17.0,1.5,1.5,1.0,1.6,15.8,31.6,21.5,35.2,2.0,4.8,62.1,43.1,300.0,114.0,LAL,121,0,2021,2020-12-30,False
118,240.0,240.0,32.0,76.0,0.421,12.0,38.0,0.316,29.0,34.0,0.853,5.0,36.0,41.0,14.0,5.0,4.0,17.0,17.0,105.0,,0.577,0.5,0.5,0.447,12.2,76.6,46.6,43.8,4.9,7.0,15.7,100.0,103.6,126.3,,,8.0,17.0,0.75,7.0,11.0,0.667,14.0,15.0,1.0,4.0,6.0,10.0,4.0,1.0,2.0,4.0,5.0,25.0,6.0,1.0,1.0,1.0,2.0,18.6,63.2,33.7,45.6,5.9,10.4,50.0,37.4,155.0,133.0,POR,105,0,1,240.0,240.0,47.0,95.0,0.495,18.0,38.0,0.474,16.0,22.0,0.727,11.0,36.0,47.0,30.0,13.0,6.0,10.0,25.0,128.0,,0.611,0.589,0.4,0.232,23.4,87.8,53.4,63.8,12.8,15.8,8.7,100.0,126.3,103.6,,,9.0,17.0,1.0,4.0,9.0,1.0,7.0,8.0,1.0,2.0,10.0,10.0,7.0,3.0,3.0,3.0,4.0,28.0,26.0,0.931,1.0,0.667,2.0,25.3,85.1,39.7,59.1,6.9,24.9,34.7,33.9,174.0,115.0,LAC,128,1,2021,2020-12-30,False
119,240.0,240.0,47.0,95.0,0.495,18.0,38.0,0.474,16.0,22.0,0.727,11.0,36.0,47.0,30.0,13.0,6.0,10.0,25.0,128.0,,0.611,0.589,0.4,0.232,23.4,87.8,53.4,63.8,12.8,15.8,8.7,100.0,126.3,103.6,,,9.0,17.0,1.0,4.0,9.0,1.0,7.0,8.0,1.0,2.0,10.0,10.0,7.0,3.0,3.0,3.0,4.0,28.0,26.0,0.931,1.0,0.667,2.0,25.3,85.1,39.7,59.1,6.9,24.9,34.7,33.9,174.0,115.0,LAC,128,1,0,240.0,240.0,32.0,76.0,0.421,12.0,38.0,0.316,29.0,34.0,0.853,5.0,36.0,41.0,14.0,5.0,4.0,17.0,17.0,105.0,,0.577,0.5,0.5,0.447,12.2,76.6,46.6,43.8,4.9,7.0,15.7,100.0,103.6,126.3,,,8.0,17.0,0.75,7.0,11.0,0.667,14.0,15.0,1.0,4.0,6.0,10.0,4.0,1.0,2.0,4.0,5.0,25.0,6.0,1.0,1.0,1.0,2.0,18.6,63.2,33.7,45.6,5.9,10.4,50.0,37.4,155.0,133.0,POR,105,0,2021,2020-12-30,True
120,240.0,240.0,37.0,82.0,0.451,12.0,23.0,0.522,13.0,24.0,0.542,11.0,32.0,43.0,22.0,5.0,6.0,18.0,22.0,99.0,,0.535,0.524,0.28,0.293,23.9,78.0,49.4,59.5,5.0,11.5,16.3,100.0,99.9,120.1,,,12.0,19.0,0.667,5.0,7.0,1.0,3.0,6.0,1.0,6.0,10.0,13.0,7.0,2.0,1.0,6.0,5.0,28.0,5.0,0.852,0.75,0.625,0.667,45.9,60.1,52.6,29.5,2.7,9.9,50.0,46.6,187.0,128.0,CLE,99,0,1,240.0,240.0,42.0,87.0,0.483,16.0,35.0,0.457,19.0,24.0,0.792,9.0,35.0,44.0,28.0,12.0,1.0,14.0,22.0,119.0,,0.61,0.575,0.402,0.276,22.0,76.1,50.6,66.7,12.1,1.7,12.5,100.0,120.1,99.9,,,10.0,14.0,1.0,4.0,8.0,1.0,5.0,6.0,1.0,3.0,9.0,11.0,8.0,4.0,1.0,3.0,6.0,25.0,29.0,1.5,1.5,1.0,1.0,13.9,65.2,34.5,100.0,5.8,2.4,40.0,38.7,300.0,111.0,IND,119,1,2021,2020-12-31,True
121,240.0,240.0,42.0,87.0,0.483,16.0,35.0,0.457,19.0,24.0,0.792,9.0,35.0,44.0,28.0,12.0,1.0,14.0,22.0,119.0,,0.61,0.575,0.402,0.276,22.0,76.1,50.6,66.7,12.1,1.7,12.5,100.0,120.1,99.9,,,10.0,14.0,1.0,4.0,8.0,1.0,5.0,6.0,1.0,3.0,9.0,11.0,8.0,4.0,1.0,3.0,6.0,25.0,29.0,1.5,1.5,1.0,1.0,13.9,65.2,34.5,100.0,5.8,2.4,40.0,38.7,300.0,111.0,IND,119,1,0,240.0,240.0,37.0,82.0,0.451,12.0,23.0,0.522,13.0,24.0,0.542,11.0,32.0,43.0,22.0,5.0,6.0,18.0,22.0,99.0,,0.535,0.524,0.28,0.293,23.9,78.0,49.4,59.5,5.0,11.5,16.3,100.0,99.9,120.1,,,12.0,19.0,0.667,5.0,7.0,1.0,3.0,6.0,1.0,6.0,10.0,13.0,7.0,2.0,1.0,6.0,5.0,28.0,5.0,0.852,0.75,0.625,0.667,45.9,60.1,52.6,29.5,2.7,9.9,50.0,46.6,187.0,128.0,CLE,99,0,2021,2020-12-31,False
122,240.0,240.0,50.0,92.0,0.543,14.0,36.0,0.389,19.0,25.0,0.76,9.0,35.0,44.0,34.0,9.0,3.0,15.0,27.0,133.0,,0.646,0.62,0.391,0.272,24.3,79.5,54.3,68.0,8.5,5.5,12.7,100.0,125.9,123.1,,,10.0,17.0,0.875,5.0,9.0,1.0,9.0,10.0,1.0,3.0,11.0,12.0,10.0,3.0,1.0,3.0,5.0,28.0,23.0,0.914,0.9,0.667,0.588,17.5,38.8,23.0,28.4,4.4,3.9,25.4,28.5,183.0,130.0,CHI,133,0,1,240.0,240.0,42.0,84.0,0.5,14.0,29.0,0.483,32.0,41.0,0.78,9.0,28.0,37.0,27.0,8.0,4.0,14.0,27.0,130.0,,0.637,0.583,0.345,0.488,20.5,75.7,45.7,64.3,7.6,7.1,12.1,100.0,123.1,125.9,,,10.0,19.0,0.909,3.0,6.0,1.0,12.0,13.0,1.0,2.0,8.0,10.0,11.0,3.0,3.0,5.0,4.0,28.0,13.0,0.994,1.045,0.75,1.0,14.6,26.4,15.9,43.2,6.3,7.5,100.0,32.9,185.0,133.0,WAS,130,1,2021,2020-12-31,True
123,240.0,240.0,42.0,84.0,0.5,14.0,29.0,0.483,32.0,41.0,0.78,9.0,28.0,37.0,27.0,8.0,4.0,14.0,27.0,130.0,,0.637,0.583,0.345,0.488,20.5,75.7,45.7,64.3,7.6,7.1,12.1,100.0,123.1,125.9,,,10.0,19.0,0.909,3.0,6.0,1.0,12.0,13.0,1.0,2.0,8.0,10.0,11.0,3.0,3.0,5.0,4.0,28.0,13.0,0.994,1.045,0.75,1.0,14.6,26.4,15.9,43.2,6.3,7.5,100.0,32.9,185.0,133.0,WAS,130,1,0,240.0,240.0,50.0,92.0,0.543,14.0,36.0,0.389,19.0,25.0,0.76,9.0,35.0,44.0,34.0,9.0,3.0,15.0,27.0,133.0,,0.646,0.62,0.391,0.272,24.3,79.5,54.3,68.0,8.5,5.5,12.7,100.0,125.9,123.1,,,10.0,17.0,0.875,5.0,9.0,1.0,9.0,10.0,1.0,3.0,11.0,12.0,10.0,3.0,1.0,3.0,5.0,28.0,23.0,0.914,0.9,0.667,0.588,17.5,38.8,23.0,28.4,4.4,3.9,25.4,28.5,183.0,130.0,CHI,133,0,2021,2020-12-31,False
124,240.0,240.0,44.0,91.0,0.484,15.0,33.0,0.455,13.0,15.0,0.867,7.0,47.0,54.0,23.0,7.0,10.0,14.0,23.0,116.0,,0.594,0.566,0.363,0.165,15.6,82.5,52.9,52.3,6.8,14.9,12.5,100.0,112.7,89.3,,,8.0,15.0,0.75,5.0,7.0,1.0,6.0,8.0,1.0,3.0,9.0,10.0,8.0,2.0,2.0,3.0,4.0,21.0,30.0,0.875,0.875,1.0,0.727,15.4,28.4,19.1,40.9,3.8,10.3,50.0,28.8,150.0,98.0,PHI,116,0,1,240.0,240.0,33.0,95.0,0.347,7.0,28.0,0.25,19.0,21.0,0.905,10.0,38.0,48.0,17.0,2.0,5.0,11.0,15.0,92.0,,0.441,0.384,0.295,0.221,17.5,84.4,47.1,51.5,1.9,8.6,9.5,100.0,89.3,112.7,,,8.0,18.0,0.533,3.0,6.0,0.5,5.0,5.0,1.0,4.0,8.0,10.0,4.0,1.0,2.0,2.0,3.0,19.0,10.0,0.75,0.75,1.0,0.625,13.9,35.9,19.8,45.8,1.9,8.0,20.2,30.5,131.0,117.0,ORL,92,1,2021,2020-12-31,False
125,240.0,240.0,33.0,95.0,0.347,7.0,28.0,0.25,19.0,21.0,0.905,10.0,38.0,48.0,17.0,2.0,5.0,11.0,15.0,92.0,,0.441,0.384,0.295,0.221,17.5,84.4,47.1,51.5,1.9,8.6,9.5,100.0,89.3,112.7,,,8.0,18.0,0.533,3.0,6.0,0.5,5.0,5.0,1.0,4.0,8.0,10.0,4.0,1.0,2.0,2.0,3.0,19.0,10.0,0.75,0.75,1.0,0.625,13.9,35.9,19.8,45.8,1.9,8.0,20.2,30.5,131.0,117.0,ORL,92,1,0,240.0,240.0,44.0,91.0,0.484,15.0,33.0,0.455,13.0,15.0,0.867,7.0,47.0,54.0,23.0,7.0,10.0,14.0,23.0,116.0,,0.594,0.566,0.363,0.165,15.6,82.5,52.9,52.3,6.8,14.9,12.5,100.0,112.7,89.3,,,8.0,15.0,0.75,5.0,7.0,1.0,6.0,8.0,1.0,3.0,9.0,10.0,8.0,2.0,2.0,3.0,4.0,21.0,30.0,0.875,0.875,1.0,0.727,15.4,28.4,19.1,40.9,3.8,10.3,50.0,28.8,150.0,98.0,PHI,116,0,2021,2020-12-31,True
126,240.0,240.0,45.0,96.0,0.469,11.0,33.0,0.333,18.0,24.0,0.75,14.0,31.0,45.0,23.0,11.0,5.0,15.0,21.0,119.0,,0.558,0.526,0.344,0.25,28.6,75.6,50.0,51.1,10.6,10.0,12.3,100.0,114.3,117.1,,,10.0,23.0,0.769,5.0,15.0,1.0,6.0,6.0,1.0,4.0,9.0,13.0,6.0,4.0,1.0,3.0,5.0,24.0,10.0,0.793,0.875,0.833,0.75,15.1,29.3,19.3,27.5,5.2,3.7,100.0,31.0,157.0,126.0,SAC,119,0,1,240.0,240.0,45.0,86.0,0.523,13.0,36.0,0.361,19.0,25.0,0.76,10.0,35.0,45.0,26.0,10.0,6.0,18.0,14.0,122.0,,0.629,0.599,0.419,0.291,24.4,71.4,50.0,57.8,9.6,9.5,15.7,100.0,117.1,114.3,,,10.0,24.0,1.0,4.0,11.0,1.0,9.0,11.0,1.0,3.0,9.0,12.0,9.0,3.0,2.0,6.0,3.0,33.0,13.0,1.5,1.5,1.0,0.667,11.0,27.7,20.1,34.2,4.3,4.8,34.0,38.0,284.0,122.0,HOU,122,1,2021,2020-12-31,False
127,240.0,240.0,45.0,86.0,0.523,13.0,36.0,0.361,19.0,25.0,0.76,10.0,35.0,45.0,26.0,10.0,6.0,18.0,14.0,122.0,,0.629,0.599,0.419,0.291,24.4,71.4,50.0,57.8,9.6,9.5,15.7,100.0,117.1,114.3,,,10.0,24.0,1.0,4.0,11.0,1.0,9.0,11.0,1.0,3.0,9.0,12.0,9.0,3.0,2.0,6.0,3.0,33.0,13.0,1.5,1.5,1.0,0.667,11.0,27.7,20.1,34.2,4.3,4.8,34.0,38.0,284.0,122.0,HOU,122,1,0,240.0,240.0,45.0,96.0,0.469,11.0,33.0,0.333,18.0,24.0,0.75,14.0,31.0,45.0,23.0,11.0,5.0,15.0,21.0,119.0,,0.558,0.526,0.344,0.25,28.6,75.6,50.0,51.1,10.6,10.0,12.3,100.0,114.3,117.1,,,10.0,23.0,0.769,5.0,15.0,1.0,6.0,6.0,1.0,4.0,9.0,13.0,6.0,4.0,1.0,3.0,5.0,24.0,10.0,0.793,0.875,0.833,0.75,15.1,29.3,19.3,27.5,5.2,3.7,100.0,31.0,157.0,126.0,SAC,119,0,2021,2020-12-31,True
128,240.0,240.0,32.0,88.0,0.364,3.0,36.0,0.083,16.0,20.0,0.8,9.0,39.0,48.0,21.0,6.0,3.0,15.0,21.0,83.0,,0.429,0.381,0.409,0.227,17.0,81.3,47.5,65.6,6.0,9.7,13.4,100.0,83.7,100.8,,,7.0,19.0,0.6,2.0,9.0,0.25,6.0,7.0,1.0,2.0,9.0,10.0,5.0,2.0,1.0,3.0,5.0,16.0,1.0,1.136,0.6,1.0,0.583,9.8,100.0,63.4,46.7,3.8,8.4,69.4,36.4,111.0,110.0,NYK,83,0,1,240.0,240.0,34.0,83.0,0.41,17.0,52.0,0.327,15.0,21.0,0.714,9.0,44.0,53.0,21.0,7.0,6.0,16.0,22.0,100.0,,0.542,0.512,0.627,0.253,18.8,83.0,52.5,61.8,7.1,11.5,14.8,100.0,100.8,83.7,,,9.0,19.0,0.75,4.0,9.0,1.0,4.0,6.0,1.0,2.0,7.0,9.0,7.0,2.0,1.0,4.0,4.0,25.0,28.0,1.127,1.125,1.0,0.556,10.6,64.7,33.9,50.4,5.1,9.8,100.0,27.3,207.0,93.0,TOR,100,1,2021,2020-12-31,True
129,240.0,240.0,34.0,83.0,0.41,17.0,52.0,0.327,15.0,21.0,0.714,9.0,44.0,53.0,21.0,7.0,6.0,16.0,22.0,100.0,,0.542,0.512,0.627,0.253,18.8,83.0,52.5,61.8,7.1,11.5,14.8,100.0,100.8,83.7,,,9.0,19.0,0.75,4.0,9.0,1.0,4.0,6.0,1.0,2.0,7.0,9.0,7.0,2.0,1.0,4.0,4.0,25.0,28.0,1.127,1.125,1.0,0.556,10.6,64.7,33.9,50.4,5.1,9.8,100.0,27.3,207.0,93.0,TOR,100,1,0,240.0,240.0,32.0,88.0,0.364,3.0,36.0,0.083,16.0,20.0,0.8,9.0,39.0,48.0,21.0,6.0,3.0,15.0,21.0,83.0,,0.429,0.381,0.409,0.227,17.0,81.3,47.5,65.6,6.0,9.7,13.4,100.0,83.7,100.8,,,7.0,19.0,0.6,2.0,9.0,0.25,6.0,7.0,1.0,2.0,9.0,10.0,5.0,2.0,1.0,3.0,5.0,16.0,1.0,1.136,0.6,1.0,0.583,9.8,100.0,63.4,46.7,3.8,8.4,69.4,36.4,111.0,110.0,NYK,83,0,2021,2020-12-31,False
130,240.0,240.0,44.0,91.0,0.484,13.0,36.0,0.361,12.0,19.0,0.632,14.0,44.0,58.0,23.0,9.0,4.0,13.0,16.0,113.0,,0.569,0.555,0.396,0.209,29.8,86.3,59.2,52.3,9.3,12.5,11.6,100.0,116.3,82.4,,,8.0,16.0,0.667,3.0,7.0,0.5,4.0,6.0,1.0,6.0,10.0,11.0,9.0,2.0,2.0,3.0,4.0,20.0,28.0,0.868,0.75,1.0,1.0,23.5,33.2,20.7,39.6,31.5,21.2,41.0,35.8,154.0,94.0,NOP,113,0,1,240.0,240.0,30.0,80.0,0.375,15.0,48.0,0.313,5.0,15.0,0.333,7.0,33.0,40.0,24.0,6.0,3.0,19.0,20.0,80.0,,0.462,0.469,0.6,0.188,13.7,70.2,40.8,80.0,6.2,5.5,18.0,100.0,82.4,116.3,,,7.0,10.0,0.778,3.0,7.0,0.6,3.0,4.0,1.0,2.0,5.0,6.0,4.0,2.0,1.0,6.0,3.0,17.0,-1.0,0.944,0.944,1.0,2.0,12.9,65.2,31.3,36.9,4.8,27.9,60.0,27.3,178.0,125.0,OKC,80,1,2021,2020-12-31,False
131,240.0,240.0,30.0,80.0,0.375,15.0,48.0,0.313,5.0,15.0,0.333,7.0,33.0,40.0,24.0,6.0,3.0,19.0,20.0,80.0,,0.462,0.469,0.6,0.188,13.7,70.2,40.8,80.0,6.2,5.5,18.0,100.0,82.4,116.3,,,7.0,10.0,0.778,3.0,7.0,0.6,3.0,4.0,1.0,2.0,5.0,6.0,4.0,2.0,1.0,6.0,3.0,17.0,-1.0,0.944,0.944,1.0,2.0,12.9,65.2,31.3,36.9,4.8,27.9,60.0,27.3,178.0,125.0,OKC,80,1,0,240.0,240.0,44.0,91.0,0.484,13.0,36.0,0.361,12.0,19.0,0.632,14.0,44.0,58.0,23.0,9.0,4.0,13.0,16.0,113.0,,0.569,0.555,0.396,0.209,29.8,86.3,59.2,52.3,9.3,12.5,11.6,100.0,116.3,82.4,,,8.0,16.0,0.667,3.0,7.0,0.5,4.0,6.0,1.0,6.0,10.0,11.0,9.0,2.0,2.0,3.0,4.0,20.0,28.0,0.868,0.75,1.0,1.0,23.5,33.2,20.7,39.6,31.5,21.2,41.0,35.8,154.0,94.0,NOP,113,0,2021,2020-12-31,True
132,240.0,240.0,41.0,84.0,0.488,17.0,33.0,0.515,7.0,10.0,0.7,5.0,36.0,41.0,26.0,5.0,6.0,15.0,17.0,106.0,,0.6,0.589,0.393,0.119,12.2,78.3,47.1,63.4,5.2,12.0,14.5,100.0,111.2,99.7,,,10.0,17.0,1.0,4.0,9.0,1.0,4.0,7.0,1.0,2.0,7.0,9.0,8.0,2.0,2.0,6.0,3.0,25.0,13.0,1.25,1.25,0.818,0.412,8.3,32.6,17.5,37.2,2.8,6.8,23.0,34.3,182.0,110.0,PHO,106,0,1,240.0,240.0,35.0,84.0,0.417,12.0,34.0,0.353,13.0,19.0,0.684,10.0,36.0,46.0,16.0,8.0,3.0,13.0,15.0,95.0,,0.514,0.488,0.405,0.226,21.7,87.8,52.9,45.7,8.4,5.9,12.3,100.0,99.7,111.2,,,9.0,23.0,0.778,4.0,8.0,0.667,4.0,8.0,1.0,3.0,12.0,14.0,4.0,2.0,1.0,3.0,3.0,23.0,3.0,0.719,0.778,0.8,0.889,22.7,41.1,22.6,21.8,5.2,6.8,30.7,33.8,135.0,118.0,UTA,95,1,2021,2020-12-31,False
133,240.0,240.0,35.0,84.0,0.417,12.0,34.0,0.353,13.0,19.0,0.684,10.0,36.0,46.0,16.0,8.0,3.0,13.0,15.0,95.0,,0.514,0.488,0.405,0.226,21.7,87.8,52.9,45.7,8.4,5.9,12.3,100.0,99.7,111.2,,,9.0,23.0,0.778,4.0,8.0,0.667,4.0,8.0,1.0,3.0,12.0,14.0,4.0,2.0,1.0,3.0,3.0,23.0,3.0,0.719,0.778,0.8,0.889,22.7,41.1,22.6,21.8,5.2,6.8,30.7,33.8,135.0,118.0,UTA,95,1,0,240.0,240.0,41.0,84.0,0.488,17.0,33.0,0.515,7.0,10.0,0.7,5.0,36.0,41.0,26.0,5.0,6.0,15.0,17.0,106.0,,0.6,0.589,0.393,0.119,12.2,78.3,47.1,63.4,5.2,12.0,14.5,100.0,111.2,99.7,,,10.0,17.0,1.0,4.0,9.0,1.0,4.0,7.0,1.0,2.0,7.0,9.0,8.0,2.0,2.0,6.0,3.0,25.0,13.0,1.25,1.25,0.818,0.412,8.3,32.6,17.5,37.2,2.8,6.8,23.0,34.3,182.0,110.0,PHO,106,0,2021,2020-12-31,True
